ID,Username,Password,City,State
1,dhanson,V3S^&(kp%^,Aguilartown,Wyoming
2,wpoole,gvSPCN^s#8,Port Williamshire,Pennsylvania
3,ashleygilbert,k&54Y_yZ@@,Perrytown,Louisiana
4,ykim,&ya#0ZSbTn,West Kimberlyfurt,Mississippi
5,lhanson,#NAME?,Port Ethanton,Tennessee
6,gbailey,$EHxi4(eI1,Brentburgh,Indiana
7,edwin00,$1On(@7$nI,West Richard,North Dakota
8,michael07,D#DEwRaL@0,Rivastown,Indiana
9,kathleen45,#NAME?,Marymouth,Utah
10,amberroberts,#NAME?,South Nicholaston,Maryland
11,dmarshall,^39n3)KkmD,West Deborah,Arizona
12,toddstewart,7kTzF##R_t,Lake Michael,Vermont
13,wkeller,r%4NeKSGGm,Markchester,Minnesota
14,richardhowell,LgNA7Q8&)%,Denisefurt,Missouri
15,torresjohn,EW5WscBs)x,Nunezbury,Texas
16,moraleszachary,j^0WQ95qlY,Sextonland,Ohio
17,oconnordavid,XC)1OgGa)P,West Christine,Georgia
18,margaret88,i71Zt6s5+s,Port Kayla,Minnesota
19,thart,+0Be4$ScRt,New Alejandra,Arkansas
20,reedmichael,873RVbh_9+,Gregville,New Hampshire
21,lisabenson,$t!%TX3x@1,Jerrybury,Delaware
22,parktammy,sYJ2HOfob+,Trevinoside,California
23,udouglas,N(6blSX6mp,West David,Montana
24,etorres,4m327sFtE*,Port Ann,Texas
25,justin29,1^9+Ntb)qM,Burkeshire,Alaska
26,nicholasnewton,iFx3PKwN&4,Michellefurt,New Jersey
27,johnsonalbert,@tR(eTbXh2,Port William,Virginia
28,edward99,#6+ElmvnZk,North Erin,Oklahoma
29,thomasromero,nA^KtRNR_1,Davidville,New Mexico
30,mcbridetracy,P3W%5b(s!2,Lake Michael,Wisconsin
31,janetcollins,!4V8sdrb_9,Harperborough,Washington
32,ryanbryce,*Ob4Lzi45a,Randolphbury,Connecticut
33,brivera,f(P8Y)GtSN,Port Larryburgh,Washington
34,christina34,^xn8DqfhW*,Burketon,Delaware
35,martinsarah,wvGuSOii+1,West Charlesview,Michigan
36,vegamarie,AmIIx$n5!7,Hunterton,Maine
37,wademike,#07fzNkf37,Johnsonberg,North Dakota
38,epierce,(01aiNunZM,Hughesburgh,Illinois
39,edwardmartin,j(8T#!EyTc,Evansfort,Idaho
40,penningtonchristy,g7fKwd4o@4,North Amandaview,New York
41,tmartinez,Wzf4EmWW&7,Lake Nicholas,Arizona
42,annchavez,#4rO2Tp$cD,West Ellen,Tennessee
43,bpowers,l%_2YHjFU&,Stacyburgh,Maine
44,jennifervaughn,4NgRGct!(m,Petersonbury,New Mexico
45,robert66,L4%kXsO(#d,Port Christophermouth,Minnesota
46,lewisjulia,_KE30JdekB,Simpsonstad,Vermont
47,matthew87,s8Zc@&d%(4,Williamfort,Massachusetts
48,rstokes,a(t6fV4u!k,New Scott,Delaware
49,aaron06,F@6YxTAQYr,Patrickmouth,West Virginia
50,roberto15,3XpKP^oT^C,Isabelside,Vermont
51,qlester,s60h0Qd@7(,Meganfurt,Delaware
52,donnacline,#TJ2UVArf1,Michaelfort,Florida
53,qsmith,&1zOdqv@&t,Lake Craig,Utah
54,bartonsherri,1TSc+2Fd$3,Ramoschester,New York
55,creyes,I$09Asifwc,Avilaborough,Vermont
56,gonzalezkyle,)BynUNsl2B,Owensburgh,Rhode Island
57,peter00,CBmEoUic!1,Rothtown,Texas
58,nancymoore,c8BFyx0a&8,Mosleyburgh,Arkansas
59,mgates,*v!4cmBw0O,North Mark,North Dakota
60,hansenkaren,I8SlUMew(5,East Derekland,Montana
61,john59,an#l6XWwAE,New Stephenhaven,Maryland
62,murrayjesus,$@hFwVti65,New Steven,New Hampshire
63,johnhinton,J+6RyQxj)I,New Ryan,North Dakota
64,fitzgeraldsteven,$0(i@CUofd,Chelseystad,Vermont
65,marycastillo,)2IK3kQXvw,Jasonland,Tennessee
66,nicholaslittle,5p7LOnTK&5,North Tanya,Nebraska
67,gwagner,!hp13SoaAi,West Jacqueline,Pennsylvania
68,bjoseph,NduL77Lu$(,New Kevin,South Dakota
69,sheilaflores,zV^aa9Zla),West Danielshire,New Mexico
70,courtney87,QmY6wTmS@&,Brentview,Louisiana
71,zmorrison,R4A(vPZc_l,New Logan,West Virginia
72,nmaldonado,_148$@TePq,Thomasfurt,Kansas
73,willisshawn,#&Tk7Q3v!_,Joshuahaven,New York
74,scottcarlos,^B&Qgl#ay3,Davistown,Indiana
75,wendy35,chl%Q1Rwaz,Eddiebury,Louisiana
76,michael92,Rv7IXJDx%t,Coxshire,Arizona
77,anthony43,kiw)e4GsfP,Lake Jeffrey,Nebraska
78,marytorres,OgG&0qRbN!,North Richard,New Mexico
79,heidicunningham,hYpR4AymW%,New Victoria,Nebraska
80,jennifer05,*q0GxvTB%&,Spenceport,Nevada
81,durhamjennifer,)YQpDry72X,Taylorview,Oklahoma
82,brownbianca,V(1Zz$C4yl,New Andrewville,South Carolina
83,sotolisa,gzz9XFd1!N,North Ronald,Rhode Island
84,sblack,+JA&0#DoWc,Garzahaven,Maryland
85,dominiquecarpenter,!Lc030Ryo0,Zacharybury,Illinois
86,dfuentes,a4%sYKb^+),Lake Elizabethchester,California
87,jhurst,6K8Ev*pvx*,Westville,Wisconsin
88,matthew17,u&bhQLt2RI,New Michael,North Carolina
89,bstephenson,W33RKJgh!5,Wyattfort,Nevada
90,troymurphy,!#4C1L#h7D,Melissaland,Colorado
91,owilliams,+bl)Nw+0@0,Mitchelltown,Mississippi
92,tiffany64,rVxuCA6v(6,New Jessicamouth,South Carolina
93,jeremy55,!a$fhBnB2P,Lake Karina,Indiana
94,johnsonshane,!0Q^Aul(4Z,Davidchester,Oklahoma
95,lynn98,q+%lUp&R_9,Kristinhaven,Texas
96,christopherhorton,#NAME?,Lake Cynthia,Michigan
97,nbrown,$sFgvuH+i5,Waltonport,Florida
98,lynn00,Vfb3Rf5Og#,Ariastown,Utah
99,trankristina,cKmf2McbW),Woodsside,Washington
100,khernandez,S)So7Vd^li,Villaview,Maryland
101,sharonmoore,mIa2DwRcO#,Edwardsberg,Utah
102,scottjohn,$y7DWCqGi$,East Aaronchester,West Virginia
103,mercersherry,q&q5CrdhpB,Lake Jay,Pennsylvania
104,ibrock,Q1O5XBhk(7,South Stevenborough,Wyoming
105,patricia36,xn1LwCLc5+,Lake Christineberg,North Carolina
106,ambersloan,EDfTO%ue#9,Moniquefurt,Oklahoma
107,reynoldsjonathan,%q0hPAn9gL,North Patricia,Kansas
108,alexanderthomas,e&y7WsGxEu,Obrienstad,Mississippi
109,thompsondavid,e(D215Kr1$,Smithton,North Dakota
110,christine77,$UyB9toee9,Lake Juanburgh,Tennessee
111,michaelmeyer,29Hpg2Ir#f,Coryfort,Kansas
112,lthomas,(v1fKHvhKJ,Nancytown,Kentucky
113,kathydavenport,KLPjGF5v%6,Haileyview,South Carolina
114,preston01,4PTkf4rG_R,Jordanborough,Kentucky
115,bruceheather,f(!5BIIzvZ,Andrewberg,Rhode Island
116,dustin78,&ex4_RlAK),Silvatown,Idaho
117,davidvargas,6w1mDEy&&m,Prestonbury,Pennsylvania
118,mmoore,R*X7s0Ydn#,Jessicaton,Arkansas
119,Apr-46,#nbk0A6V#9,Williamsstad,Maine
120,darellano,Ui4gxEoe3(,Powellchester,Alabama
121,arnoldtracey,rG^1IX0fMg,Powellside,Wisconsin
122,vazquezkevin,1mNOISt!^J,Carrmouth,Massachusetts
123,jbaker,_zjH*SLa^8,South William,Alabama
124,zperkins,ICg0pIzT#p,Lake Jamesfurt,Delaware
125,brian52,J#UIz8GB9y,Webbchester,Rhode Island
126,kellygalvan,)O@3pIueLZ,South Benjamin,South Carolina
127,ypennington,INj3OlnhU$,Calhounbury,Wisconsin
128,warrensherry,)U7+5Ag#0K,Nancyside,California
129,marvinedwards,_bmWg84(8O,Andersonview,South Dakota
130,karenjordan,)L2LF3bCEP,Pamelatown,Vermont
131,johnstonchad,U8)6@Tsb^J,Melindashire,Maine
132,nashsusan,$6$N4CExGv,Josephborough,Nebraska
133,haley70,)nwKVrim2b,New Roychester,Florida
134,allenharris,02!MP7Xrt(,Lake Mariah,South Dakota
135,jessica40,q_Ui6Ypyy^,South Shannon,Washington
136,james26,@7R6Y@pwQ4,Lisastad,Missouri
137,rebeccarobinson,*&H0OQ+cSw,South Allisonton,Minnesota
138,dadams,#6Nkpyv$!%,New Nicolechester,Wyoming
139,petertrujillo,!_s7PBu2VG,New Katherineside,Mississippi
140,warnerpamela,9YG1DFuBn(,Billyshire,Utah
141,lindasherman,$mERjbfM@2,Lake Christine,Nevada
142,frankrangel,uHk1cBsq(&,Michaelburgh,Arizona
143,georgeturner,giSK9Mri%o,Brittanyport,California
144,umcclure,HUK5Ejp0P^,Leonton,Tennessee
145,jessefox,#HPGPm0!y3,Wileyfort,Texas
146,thomasgutierrez,7D^c7Fwb4u,South Michelletown,South Carolina
147,alicia53,o@77#VadJ3,Elizabethland,Alabama
148,bramos,*v8MYjaTmd,West Heidi,Idaho
149,whiteluis,#1XoDofvc!,Alvintown,South Carolina
150,jenniferday,!58bYr5%*f,Howellborough,Delaware
151,geraldpage,z%fUo9XuJV,West Susanborough,Arkansas
152,matthewsmichelle,#tVJvQJs0z,North Kathleenshire,Massachusetts
153,timothythompson,&0MiXbSHUI,West Todd,New Mexico
154,adamsdwayne,^nB%+8UbYP,Watsonview,Michigan
155,tdavis,*nlN1K)z5e,Gillespieville,Massachusetts
156,stevensonwilliam,(9DFGuEm3B,Port Molly,Maryland
157,yorkchristie,zP)7OqZ&z9,South David,Arizona
158,westkelli,$#3JOHnw%I,Evansmouth,Hawaii
159,anthonyhays,#0IiUgGKsm,Hodgesfurt,Michigan
160,haynesmichelle,b4BJR0^z@y,Toddton,New Jersey
161,hayesdavid,yf0CEwfZ_A,Lake Elizabeth,Kentucky
162,david96,IEm9Z*aj%V,West Todd,New Jersey
163,michaelblair,bc3BsA85%*,Reynoldsburgh,Ohio
164,bcurtis,qg@6IXKib(,Kimberlystad,Delaware
165,bdrake,&o(J(VsX5N,Jenniferhaven,North Carolina
166,burnsjill,x_)8NMzf*R,Sydneyberg,Kansas
167,craiglopez,JAF5xOwS!3,Port Theresa,Texas
168,aflores,M!u3gXsF$6,South David,Kansas
169,ramirezisabel,*9Cgkln+mo,Port Kennethview,New Hampshire
170,craig57,n@13bSfs$3,North Cathy,Maine
171,chelseamitchell,bY0*YDdh&7,North Morganchester,Massachusetts
172,zramirez,cQ97W**td_,North Alexanderburgh,Arizona
173,william80,$4Va%P2f$6,Perezhaven,Michigan
174,vickiekim,U4YiG(#i^w,Lake Laura,Delaware
175,cruztom,bw4DKvRF+(,Lake Rachelside,Idaho
176,wholder,r9bHVcD#%G,North Nicholebury,Vermont
177,egarcia,6+3_JpGr^%,Stephanieburgh,Massachusetts
178,juliealvarado,&A+9V)Qcf#,South Josephshire,Oregon
179,kennethwong,CdRokRwS^2,Lake Jamesshire,Missouri
180,barretttammy,(r8BAtSk72,Lake Chrisville,Texas
181,johndaniels,L@1FCGI8Yl,West Richard,South Dakota
182,james21,S$n05JpASm,Jessefort,Wyoming
183,elizabeth91,$Y_f0Ge0E_,East John,Texas
184,brett00,!!8UTkktRk,Ricetown,Illinois
185,waltonangela,UYdJ9Qbj*v,East Kathy,Vermont
186,buckruth,iF6HhUm&+5,West Christopher,Illinois
187,stephen53,n0AC2SRu**,Erikmouth,Ohio
188,gsharp,)ilN25CgN1,Richardfort,Alabama
189,katherine25,C&q2KLdT)L,Victorbury,Virginia
190,bcervantes,Qe9@HhJb9+,Anitafort,Arizona
191,sharonlopez,$e%Chnv8s2,Ashleyport,West Virginia
192,klawson,er33DftW5*,West Richardside,Montana
193,summermcintyre,gyG5UaIrO#,North Richardbury,Utah
194,bellbrittney,^^)5prNiZ!,Hoburgh,Mississippi
195,carl01,+t)0E2w6h^,Lake Taylor,Illinois
196,catherinelong,jC4+K^ioc+,Port Andrew,Wisconsin
197,bandersen,(u1Mm2G8Px,Lake Matthew,Florida
198,gordoneddie,MbNFvKlu^9,New Brentbury,Indiana
199,parkmelissa,Fe6IqS+y(M,West Andrew,Massachusetts
200,russellleah,#y%4(cLo&J,Janicechester,Washington
201,josejohnson,&9ObWC3oL(,Kennethbury,Maine
202,jonescory,w8I6V&Xc5^,Delgadoview,New York
203,briannamason,S&4NCr&*j8,West Stephanieton,New Hampshire
204,aaron81,8!7_O%hd(+,Anthonyville,South Dakota
205,zsmith,k_0e9Syma4,North Raymond,Texas
206,fpugh,s$5j8PVU2d,Maloneport,Nebraska
207,Apr-87,y45OxA_J&&,West Danielle,Minnesota
208,garciavictor,Pr5nSyuGZ%,Wilsonstad,Utah
209,warrenrebecca,t5SkIqi7&J,South Daniel,Alaska
210,wolferachel,U*OT1I8hAu,Lake Cynthiafort,Wyoming
211,beckerstephen,%79KXTcS6k,East Lisa,Michigan
212,paynebreanna,#^q35nDlDC,Johnborough,Delaware
213,gregorytaylor,#0kVx@8@%k,East Michele,Michigan
214,audreycrawford,axBs7DAnk*,East Becky,Utah
215,deborah50,&5MOxeNF!5,East Patricia,California
216,njordan,*2Npt2Pz#B,Bethside,Connecticut
217,candacemccullough,_JuDrMZUD3,Andrewbury,Michigan
218,schaeferzachary,2)1RvpBnlM,Carterport,Rhode Island
219,pamelaoconnor,9!1!#jMz!@,Lake Ryanland,Montana
220,icole,#NAME?,South Christopher,Wyoming
221,lisahebert,$4OcWPEeeX,Lake Haley,Maine
222,stephen05,)9s3AnMv2U,South Lynn,Delaware
223,james79,S*Bl6XMzqC,South Christopher,Michigan
224,xkane,B%3NLKazb+,Hurstville,Kentucky
225,johnsonfrank,A2RfD&V9#C,Vanessafurt,Alaska
226,brookecox,@__O8TMij6,Nicholasfort,Kentucky
227,michaellarson,C(f3Gonqac,Ashleyberg,Arizona
228,cynthia09,+q+3oHpG(u,Jonberg,Michigan
229,daniel86,@5Ng*VI^t4,South Bretttown,Arkansas
230,youngjames,ASn19^Uok!,Brandonmouth,New Jersey
231,brianjohnson,i!lB1xNm!U,North Heidimouth,Georgia
232,caitlyn08,_30AS(fvi^,Castilloburgh,Minnesota
233,hensoncameron,(%_&&35mvS,Port Lori,Wyoming
234,qpage,*okEXkemc8,Vargastown,Vermont
235,fhorn,^6w5cHiwUU,Port Jeffrey,Hawaii
236,johnsonlauren,7D1JnI3zp+,Tranburgh,West Virginia
237,michaellowery,@4VqGXv3s0,Lake Keithchester,Arkansas
238,michellechoi,hA_2CxTu^K,Justinton,Tennessee
239,ehill,Ou4F6YNc+4,Sarahfurt,Wisconsin
240,richardsonelizabeth,BkH5hZsFJ^,Carrollview,Colorado
241,achristensen,1c6j&Cgu%d,Wangborough,South Carolina
242,kimberlybrown,(5c9JNXzi%,Zacharyberg,Colorado
243,tonyacox,)HjMfbYwJ7,Rebeccaport,Oregon
244,cvega,Cj2eYSev)X,New Patriciaville,Montana
245,moyerlaura,Ui4SokqeR*,Skinnerstad,South Dakota
246,smithchristopher,)tC9UtE#k5,West Michael,Tennessee
247,robinsontimothy,%7C^FjQInm,Woodton,Idaho
248,stephanie21,IzJIvrwG$0,West Michaelchester,Arizona
249,clarktimothy,Tm%05DXdq$,Youngfurt,Indiana
250,wbarber,(O2I3DoTi4,Danahaven,New Jersey
251,petercarpenter,jM31HTO!*0,Sanchezshire,Alabama
252,jasonpadilla,g$@9O+bCoD,Stacyview,Wisconsin
253,victoria32,^t4rHP2w^z,Michaelview,Washington
254,rosspaul,%h&8Y9a_C@,East Amber,New Hampshire
255,rogerweber,z#Q7Lf3qi(,New Paulaport,Mississippi
256,eric46,e&H42DaYNC,Hernandezbury,Wyoming
257,zhenson,4jZ2H$P*^1,Elaineland,Tennessee
258,hardyheather,^0YACurvjS,Batesmouth,Minnesota
259,ladkins,IeE#ozTj!3,Farmerland,New Jersey
260,hrobinson,IW2y#SbfG!,North Tommyborough,Minnesota
261,xwalker,Q3)BynMj+p,Port Pamela,Kansas
262,matthew56,ca1XyOfi*x,North Eric,Alabama
263,seanwright,Z1LY8y4Y@g,East Nancyborough,Vermont
264,sarahsnow,$9oYjXelRK,New James,Connecticut
265,russellerik,b!Eq2lHmCa,New Amberhaven,Washington
266,jchan,iT!45BzS&9,Castrofurt,New York
267,lpowell,^Izgpc8bQ7,Wellsbury,Texas
268,hamiltonerica,05q(N59h)4,Gatesland,Wyoming
269,leebrent,xq6!ED2e$L,Jonesmouth,Vermont
270,yorklisa,)4RtCrbHQy,New Annberg,Wisconsin
271,tking,IJJGIgx1$2,Port Benjamin,Pennsylvania
272,gabrielleshah,&!7E+MZq)),Porterburgh,Connecticut
273,twilliams,*Z5JU8pyf7,South Andrewstad,Utah
274,amy32,Va^22MUnfN,Jasonton,Wyoming
275,trantina,#NAME?,Port Charles,North Carolina
276,alison43,Y(7PmzV1Zo,New Mario,South Carolina
277,maciasdaniel,H)J7_9uj5A,South Denise,Michigan
278,plambert,3*3NWwE1zr,Morrisside,Tennessee
279,imyers,8SJ^a_v$+w,Jenniferberg,Illinois
280,joshua80,yDt&R7TfHH,Cookburgh,Iowa
281,daniel77,_o35yEttvH,Watersfurt,South Carolina
282,stewartjoseph,2*9E@0UgU4,Port Dianeburgh,Idaho
283,duarteryan,fBgQszu(&0,North James,Alaska
284,brandonmoore,b8#DQm^G%_,West Scott,Montana
285,ronaldbaxter,Tp2PW!ngv),New Heather,Mississippi
286,austinwilliam,56XrV(AR!v,South Garretthaven,Mississippi
287,perezcaroline,$4IzQz&78&,Port Dennisview,North Dakota
288,jared83,9d5nnWPOA*,Lake Brittany,Arizona
289,ngomez,@pIFRcyh14,Maryfort,Michigan
290,rcook,EmA7ULhB)0,East Anne,Mississippi
291,mfoley,a@*4(TS(Qi,Edwardsfurt,Iowa
292,sarah92,3S_j5JzCA+,New Kathrynchester,Louisiana
293,nicholas65,h)f6!mYu&z,North Karenmouth,Nebraska
294,stricklandchristopher,*7&jiQluv0,Lauratown,Missouri
295,perryleon,m6n$4XvjrI,South Laurenberg,Oklahoma
296,jonesalexandra,v)#5pBq8Lg,Grahamhaven,Pennsylvania
297,sheilasmith,b2QSkr6O*x,Amandachester,Texas
298,warrenfelicia,FfLG%g%v(7,North Tylerfurt,Connecticut
299,gregory04,$PzNe2TlfK,Port John,Tennessee
300,schmidtshawn,RcN7_DhNY+,North Rebeccatown,Mississippi
301,pwatkins,*dTls+9j1I,East Faithport,Arkansas
302,andersonlaurie,0&V1STq%!P,Port Melissa,North Carolina
303,yschneider,I39@ZaQu#6,Port Paulborough,New York
304,zford,%JdVUktO0t,New Tylerfort,Missouri
305,james38,Y))17aHgIA,Delacruzstad,New Jersey
306,larsonnicole,msXUQ+i+_7,Port Antonioborough,New York
307,jennifer73,R%qb2P2u_z,North Helenmouth,Minnesota
308,brian82,)a0DV1)bj*,Holmesstad,Hawaii
309,davidclark,9*Wg0Ix0%@,North Erikchester,Maine
310,melissamiddleton,$m7dQv#m+4,Thompsonview,Minnesota
311,rogerpayne,XNJj4MUd6$,East Robert,Nevada
312,cathy29,c0rJIX%c&j,East Charlottechester,Nevada
313,crice,&_mVzM9v^1,Mcdonaldland,North Carolina
314,angela73,#2kR2tcequ,Campbellland,Nevada
315,elizabeth83,MX%3R^BrV),Port Oliviaborough,Tennessee
316,andrewsmith,3%6Bt5A$2F,Edwardsfurt,Maine
317,caseabigail,he)h4aHbA6,North Garrettmouth,New Jersey
318,michael72,)A)4HzXU!3,South Julie,Washington
319,iolsen,rV1XTJTa^F,New Stacy,California
320,pgray,#5MBIGNxSw,West Kristopher,Vermont
321,tryan,+1SknflLzc,Torresborough,Colorado
322,stoutdavid,i*45xE6)!k,Jamesport,Idaho
323,millerhelen,!5O^B6sSkZ,Lake Christopher,Florida
324,charlene71,TN5Qtzjw)6,Danielview,Wyoming
325,paulnichols,u%5opLSgXD,Curtisfort,Oklahoma
326,jonesdavid,u61xpFNq)K,Gutierrezshire,Wisconsin
327,ryancarroll,!5LQLls8RD,Brianport,Hawaii
328,stephaniemorgan,ymjwa+F1W(,Lake Jonathanstad,Kentucky
329,paulgonzalez,(PwQsBgC28,South Rachel,Hawaii
330,hannahvargas,+5ZUvymtWw,South Juan,South Carolina
331,timothy53,J1(X5HjU+Z,Danielville,Maryland
332,holly20,Eg4voCuMQ&,Henryfurt,Indiana
333,cwalker,P3gK*hcu)W,Port Savannah,Kentucky
334,campbellchristina,&068J8Vy%$,New Cathyville,Missouri
335,james69,^6WeUuzBG4,Virginiatown,Maryland
336,carol09,^x_kPfJnS0,South Ronald,North Dakota
337,kristina28,mqF$s6VQ*8,New Keithburgh,Florida
338,anna20,^U)7+zCmpE,Lake Leahbury,Connecticut
339,vthompson,%Q9Gmp2vqJ,North Adrian,Vermont
340,breed,#uiBxWxm34,East Manuelstad,Nevada
341,ismith,%Mn2Br(Uzu,Heatherborough,Nevada
342,laurasnyder,JJ5lrHpbx^,Port Phillip,Montana
343,georgebuck,)%h1fPy)S7,Williamport,Utah
344,joshua79,+#6Jm&Dxpc,South Edward,Ohio
345,mlopez,g4LEL2Ww(_,North Ryanchester,South Carolina
346,amandahines,6155JJGs^N,Alexanderton,New Jersey
347,stephen87,244O+^bh&A,Lunaburgh,Mississippi
348,tyler00,A*10AinCH+,Claudiastad,New Hampshire
349,kimberlydudley,u#9F*N@fvg,Dawnside,Kansas
350,charles89,8h231C)fy*,Allenchester,West Virginia
351,bdavis,5e2EEKQa_$,Sarahberg,Mississippi
352,angela78,Y3x22NVz+V,West Brandon,Oklahoma
353,mary96,7L5LQ2Lt*b,Burkeborough,Alabama
354,melissaarcher,!*L6FYhWSr,Kennethfurt,South Carolina
355,riverajulie,S2uXrXe_#&,Thomasborough,Alaska
356,wthomas,b%0Y&DPi0X,Gregoryshire,Maryland
357,pshort,I017pDxn@5,Mathewsborough,Oregon
358,millerpatrick,Q(^3kRgTkp,West Margaretport,Massachusetts
359,carrmaurice,NC02SkZ!M#,North Cindybury,Alabama
360,upalmer,($28)UVp3N,Jamesside,California
361,valerieparker,)j_Ye2Zb4W,North Larryville,Missouri
362,tamarapineda,ku21k9Bq^9,South Jason,Mississippi
363,matthewowens,@oj19CTfdf,Ginastad,New Hampshire
364,brian75,+k8rTbFr3@,Lauramouth,Oklahoma
365,amysmith,^3if%Cqc_D,Marymouth,Nevada
366,starkkaren,*5#TavCZMG,Madisonhaven,Kansas
367,rthompson,eEc0AcYct),East Tracey,Colorado
368,jennypope,Du+5VUGm(2,North Stephanie,Mississippi
369,cunninghamdavid,+47XwbN$i*,Murrayhaven,Alaska
370,mckenziecain,0UB9AGxz*d,New Leroy,Wisconsin
371,boothbrenda,Z1bRGAXh_X,Port Jamieside,Vermont
372,susansharp,&#Wt6BzjxJ,West Rhonda,Pennsylvania
373,ccollins,Uh7TEQmi$z,South Maria,Wisconsin
374,garciatimothy,#n^o7PhAtV,Aprilville,Arkansas
375,andreawilliams,5O_N6I6f_C,Larryton,North Carolina
376,goodwinvictor,j+35MVWz$x,Kimberlyton,California
377,jonathan82,I&3&bU4c*Z,Lawrenceborough,New Mexico
378,jacksoncarrie,lF%J9Cz+M!,South Stacytown,Georgia
379,rebeccalane,I_7YyRq9xP,West Raymond,Illinois
380,rmoore,Lf&8LuKvv%,Andreview,Idaho
381,kayla30,&0_BbzOltu,Kingland,Oklahoma
382,pmoore,bl8N5AIq#L,New Ann,Maine
383,hilljocelyn,CM#8EGgR@l,Port Kellyton,California
384,lisa81,+9oLvebpdJ,Michaelville,New Mexico
385,mhunt,(JFy&3GeA*,Lake Russell,Michigan
386,levi88,H*5%3W8t#z,North Keithborough,Georgia
387,michael70,&)V0u@+_7B,North Kelly,Maine
388,restrada,SSOSeNjw^5,Hendersonbury,North Carolina
389,michelle26,(6AeD9YD%j,Kristinaside,Arkansas
390,waltoncharles,7x#QcSGs_h,Port Maryside,Wyoming
391,fergusonchristina,&DEf#Vjt(0,Lake Christina,Wisconsin
392,carlsonjack,E+&CA5ZqDJ,Kristiechester,Louisiana
393,tiffanygordon,D8XD)oDf)k,Johnberg,Florida
394,pfriedman,JF^0UCuWm#,New Vicki,Louisiana
395,alejandro35,5LLbjR%u)n,South Ryan,Massachusetts
396,jennifer38,fts5IQxh&6,South Tonyashire,Minnesota
397,qramirez,*l@0VqPd43,Laurenmouth,New York
398,diana19,gnR6Y)Qdz!,Port Ebonyberg,Maryland
399,scottmelissa,754g&Jvx#j,Brianmouth,Kentucky
400,erika84,s$Vy3)ybEN,Lake Hannahhaven,New Hampshire
401,toddhunt,C67LiYYOc+,Port Susanberg,California
402,gonzalessarah,#NAME?,Philiptown,West Virginia
403,sharpholly,#60tO91bF@,Richardville,New Mexico
404,mccartyjames,8N2hK5Mu&+,Lake Kevinfurt,Missouri
405,amandawhite,BpuWnpeN%5,West Gabriellebury,Delaware
406,hclark,7uVi8k1p!5,East Oliviahaven,Missouri
407,donaldcase,+lf5DQay%M,Lake Debraside,South Dakota
408,johnstondenise,)uk4JnmAGF,Gibsonshire,West Virginia
409,ashleywilliams,)9o5VYyp0e,East Mariashire,Indiana
410,antonio50,g#K)q2Fc^r,Lake Devontown,Idaho
411,melissagarcia,5aEgLj+j*8,South Timothy,Arizona
412,ppierce,9Elae7PyJ@,Port Kevin,Oklahoma
413,cheyennepeterson,WRIuEA!q+6,Lauraburgh,Connecticut
414,xrodriguez,#@So&hCT1#,Lake Danielle,Illinois
415,marylee,P@lu1HRx@d,Caldwellchester,Vermont
416,barbarathomas,!C6BYRoaaV,North Rebekah,North Carolina
417,chaddunlap,WjV$b1UdW5,Frankborough,Texas
418,ljones,w3I5Ym+g$d,Lake Pamelaview,New Jersey
419,justin21,6_4yNPzx^U,Victoriaton,Nevada
420,alicia24,@aX_ywYY8^,Jerrybury,New York
421,elizabeth88,M)2Dvx*g##,New Anitafort,Alaska
422,qmorrow,Eje8h!Xa^8,South Carolyn,Delaware
423,scarter,kn4DsLwzV%,West Gregory,Texas
424,bpham,m(5OwmvaVs,East Erin,Arizona
425,bscott,(6wmNG*r$d,Crystalville,Massachusetts
426,megansmith,ZfMOL_9h^9,New Nicole,Minnesota
427,stewartjennifer,75Ntmrp&*p,South Gordonport,Maine
428,troylawrence,C_%UZ6x4bO,North Nicoletown,Utah
429,austinvelazquez,^0rq9H*1cr,Richardport,Virginia
430,smitheric,*5YVIRaE#R,West Earl,Arkansas
431,lcantrell,^gyQj4Hsg&,Crystalmouth,Idaho
432,amy37,L+i0)TdnnK,West Michelletown,Vermont
433,nicolewarner,WY2#Huwt@),Lake Stefaniefort,New York
434,michael09,uS2gsIIs5%,New Cindyborough,Oregon
435,amyjones,QLo2S!op1+,South Jamesberg,New Jersey
436,lbuchanan,$5h(8Yfqie,Thomasview,Texas
437,michaelhood,e)38Pgtl8d,Comptonberg,Arizona
438,david44,78$xY1$v@D,South Alicia,South Dakota
439,becky41,)x!mzFj&a8,Port Kellyshire,Texas
440,julia45,Zx&0zVrI5),Kaitlynville,West Virginia
441,karenhenderson,*1IrIwGQoY,Sanchezbury,Ohio
442,brandoncox,&17s+Nw@j8,Port Michael,California
443,robinflores,4by6RuPv$*,New Kathy,South Dakota
444,twhite,G(6EnkC3d4,New Kevin,Rhode Island
445,kevinbrown,^DIkh8Fd)5,East Curtisshire,Georgia
446,patrickpatterson,G(x2n5VlKi,North Kelly,North Dakota
447,qgordon,X!N0XDiqvx,East Robertmouth,New Jersey
448,hrodriguez,*y!y2RVox+,Briannaton,Utah
449,austinschultz,(@0RvIPeWv,West Annetteville,Colorado
450,denise06,#7XV0wjbGG,South Melvinville,Delaware
451,hartjanet,5Iu8FY5z3$,East Davidmouth,Delaware
452,micheal21,%8jUaMwtY8,Lake Elizabeth,Iowa
453,goodwinrobert,Q9D9PWjL_4,South Alexside,Maryland
454,feliciawagner,$4VjLaN1uz,Bakerside,South Carolina
455,dayalicia,&VbEib@B3v,North Ashleyport,South Dakota
456,louiswalker,iB6qoRfb^&,North Nathanfurt,Iowa
457,justinwallace,#+a4GCK(Qd,East Robert,Nevada
458,breanna62,Js^c5HvgXs,Abigailmouth,Wisconsin
459,oflores,K(tzZRbh#5,West Nicholasside,Washington
460,hscott,(4q6LePEKe,South Michaelstad,Virginia
461,normandean,&3GEzCNsp0,West Alison,Rhode Island
462,michelle95,!q5E*Eyc)k,North Krystalstad,South Carolina
463,gharris,+o2mtTiq0*,South Amanda,Alabama
464,cynthia92,3mbJGw#l&J,Bethanyland,Nebraska
465,rachael80,%$1^jIdgvW,Amyport,Nevada
466,sbauer,$rM5RdHvc$,North David,Pennsylvania
467,elainesantiago,#mIe$K3r2%,North Coreyhaven,Georgia
468,matthew29,T$7_B7Ia#o,Rachelton,Texas
469,rachelthomas,stJ*9Tz1*m,Keithland,Nevada
470,ashleyperez,+!)1Ky*lIx,Charlesshire,Oregon
471,jenkinswesley,&PG7P3ftq3,Jeremiahshire,Alabama
472,lisamelendez,0_1@jE1n9(,South Nicholasview,Oklahoma
473,ykelley,F@TSZ9X)5u,Mooreville,Pennsylvania
474,carpentersara,wk57OXvj!5,Davismouth,Louisiana
475,mreese,k2*f3rWc*R,East Abigailburgh,New York
476,petersthomas,a%73IhS^HY,Whitakermouth,Oklahoma
477,paulray,sO0(0)PmEL,Lake Danielfurt,Colorado
478,jeffreyjimenez,f5NG9*Fq^n,East Carrietown,Alaska
479,paigebrown,)d8DGyh+wJ,West William,Maine
480,comptonrenee,%oLv+IB^4k,Port Aaron,Colorado
481,jensenkaren,%i9$Hmo7$r,Holtport,Pennsylvania
482,harrisjohn,8ovy1xFl%2,Edwardchester,Wisconsin
483,creyes,uDj$Rxtt%3,Bishophaven,New Mexico
484,dustin94,$9V8Gcy!V#,Arroyoberg,Tennessee
485,wardbrent,in8HUVyH)p,East Jeffreyport,Wyoming
486,murphynathaniel,zYVf25OxK+,Stevenbury,Mississippi
487,omar85,C!j8Wj%fBn,Shannonfurt,New Mexico
488,dlevine,8dD3@sRl$W,South Ashley,Illinois
489,qrodriguez,^7B)U5hs#1,Lake Dustin,Arizona
490,arnoldgabriel,Dc6DAZd((6,Ericland,Mississippi
491,douglas91,G08VXw#nQ@,East Jessicaberg,Connecticut
492,clarkjennifer,r6wYPoWd(2,Lake Devin,Georgia
493,laura84,$0R)Q&nk%V,Monicaton,Alaska
494,mdavis,@n8J#Hv)7$,Jacobside,Pennsylvania
495,zacharyparker,wXOUnSBn$3,West Kevin,Colorado
496,jenniferbenson,)lf6TkW^&9,Nataliefort,Nebraska
497,whudson,tc5W#zYG(+,Michaelside,Tennessee
498,fharris,cP+7KqyP%!,Phillipsport,Arizona
499,ewood,)jtD4Ofb(0,East Jason,Louisiana
500,jesse28,%B*7AAc@Y3,Christinaburgh,Minnesota
501,grantholly,@2f7YdK9@1,Millerburgh,New Hampshire
502,moorecynthia,^9fGEj*M$n,Lake Lori,Massachusetts
503,jbentley,fZr8u5Qu!U,Port Alyssaburgh,Maine
504,bdiaz,#9Q9ZTaF$6,Port Andrea,Maine
505,hillryan,5w)B83Gwl%,Mccoyfurt,Maine
506,laura39,52T#!mvf@K,Josephmouth,Alabama
507,brandonhawkins,o$4kRfL0dd,Sandraville,Illinois
508,kimgonzales,dX7F3By^*F,Gordonshire,Wisconsin
509,angelawolf,!v7AFK^sop,South Thomasberg,New Jersey
510,jeremiah14,3EQ!2oZwKQ,West Jasmineton,Kentucky
511,sdaniels,(o$38NEx&$,Sotomouth,Texas
512,frankdixon,YQfwv1am1@,Bauertown,New Mexico
513,georgesmith,5AByi(tJ!H,South Katie,Rhode Island
514,thomaswatson,^4MFBjX&%u,Richardport,Idaho
515,raykeith,!+jQNdu15V,South Christopherberg,South Dakota
516,ann68,p@n50y7ucH,Edwardsshire,Connecticut
517,travisshaw,33sP)jpC(Z,Johnsonborough,Alabama
518,farmersusan,O@3gBJsFtA,New Robertburgh,Florida
519,alyssa00,Vv4uMJMWc*,Kurtview,Missouri
520,pamela63,Qv&%5MJpJc,East Daniel,Maryland
521,zbeck,!0M&wIaupv,Port Brentville,Minnesota
522,stephaniesmith,7FY_9T(peP,Fullerberg,Indiana
523,lopezmadison,o6O1iTec)n,New Caitlin,Nevada
524,kim78,FVniYPPz&4,Port Taylorberg,North Dakota
525,billyvincent,+j4TQXrKY#,South Charlesmouth,Idaho
526,barbaraward,_0!pC$rgD2,East John,Hawaii
527,kelly06,^l64Jekl_^,Vincenttown,Tennessee
528,michellenguyen,jeA)7E(mqC,North Jamesbury,Alaska
529,tracycarey,_a8WSje_J+,South Jamiefurt,Louisiana
530,luis66,V2T+Cx_t@i,East Brandystad,Oregon
531,jerry80,6hJ$GtKa#i,Port Donald,Kansas
532,michaelgonzalez,lq6aTCe%8&,East Maria,Mississippi
533,jillwhite,%T2zUKWmis,Port Alexander,Kentucky
534,mstout,z8CH!DXv@t,Lake Marvin,Massachusetts
535,henglish,@)xJIsMaq9,Lake Amber,Connecticut
536,odomjoshua,#1TbNwv%QY,West Christopher,Vermont
537,berryyolanda,)I*Mp1IiiH,Scottburgh,Arizona
538,dsanders,^@V$(zOMM9,North Melindabury,South Carolina
539,chelseamartin,)c%28GJnFM,Ericfurt,Montana
540,patriciaharper,)%eIpA$68u,East Toni,Washington
541,james51,ki3z)Crz#+,Brittanyton,Florida
542,monicagarza,81N64vOo+S,South Christinamouth,Maryland
543,bob45,(je_ILq75L,Wesleyville,Virginia
544,csparks,%^mfmGsrE3,Lake Kenneth,South Dakota
545,isaac32,h+Tzmxp@!0,Port Jamesstad,Hawaii
546,brojas,!%5ANTtc9c,Bonillafort,Vermont
547,leegrace,w&41ZMdl#a,West Kristenville,Nebraska
548,logan85,)+NVVr(T3U,Port Kelli,South Carolina
549,yharrington,^+m1GTff^y,Judithton,Kansas
550,rharris,wi06F0pM^i,East Nataliemouth,New Mexico
551,connerandrea,qA@+4xWj_2,Port Donna,Maine
552,ahayes,&Rk8LDEuGE,New Donnafurt,Oklahoma
553,patricialeach,Q%5l%$Ju3U,North Larrymouth,Hawaii
554,lauramoss,^6s8BWp*Tu,Port Casey,California
555,cynthialewis,FlxS9Z9q#A,Kennethton,Wisconsin
556,butlerrenee,&r7Hz!n$5W,Thompsonview,New Mexico
557,ksmith,*FYalDJi08,East Erinton,West Virginia
558,brandon94,$z8dDrgk6b,Thomaston,Washington
559,hcampos,$a4wSX#Q^+,Berryshire,Nebraska
560,sandra05,F#2Dfam5^M,West Sandrachester,Alabama
561,sarah83,(U!D(Fz@11,Lake Shirleymouth,California
562,jackrichardson,a4VK3Dajh&,Jamesshire,Arkansas
563,meganmorgan,_(ZpOhWd+9,West Sydney,New Hampshire
564,kevinhall,%TxQivIiF2,Ricemouth,New Mexico
565,jason19,Z89LW#ty$8,Port Kyle,South Dakota
566,fshaw,#NAME?,New Daniel,Oklahoma
567,harrystrickland,oKm_1Cf58r,Port Jaredton,Utah
568,williamsimpson,$51cMOUb5z,Sarahchester,Illinois
569,evanssusan,t_7bOrrz)h,Calvinmouth,Vermont
570,johnsonbrian,&y90qClscX,Michelleton,Mississippi
571,vwashington,6)G0Yp+dE*,New Heathershire,New York
572,webernicholas,dbc2OPjT%1,Bennetttown,Kansas
573,johnrios,xpX8bH8vw!,East Brooke,Texas
574,kevinjenkins,yZ&a1XHa+b,Billyport,New Hampshire
575,millerbrandon,5U2O!RFv#&,Watsonside,Iowa
576,marcdaniels,@A16Sv2a9t,Travisland,Minnesota
577,efrench,bcFU1FCnf^,Williamberg,Colorado
578,joycefrazier,((1M3Dig*2,South Shannonview,New Jersey
579,daniel98,hRD1Inq5(3,Wrightland,New Mexico
580,whitefrederick,_YnXCubgt2,Ortizland,Iowa
581,kristen22,ebcbRzgt^9,Ricefort,Tennessee
582,amyroberts,(QH5+16ha3,North Mary,Louisiana
583,nsmith,)G2879Rybi,Ashleyfort,Nebraska
584,victoriahanson,F6WFp5Ze%!,Petersontown,Arizona
585,qrobertson,70XuDQic+P,East Patrickfort,Virginia
586,stanley23,_u8Yu2fe&#,East Brittany,Hawaii
587,cameronmark,k$4SD!OLmx,East Lindachester,Delaware
588,jamie95,B%KsijjY_9,Sarahfurt,Iowa
589,sheripreston,)tc8Z7uwr*,Landryview,Utah
590,harrisjohn,n2w9T)(t!k,Curtisfort,New Jersey
591,philip93,)o7AGqfTz7,Brianburgh,Mississippi
592,jimeneznicole,^%$Cl$@d(3,Edwinmouth,Delaware
593,reedchristopher,%3twfXdA79,Lake Jeffrey,New York
594,larsondesiree,HiJ1_AKe&V,Johnsontown,Alabama
595,burnettrachel,8J1T(Lke)h,New David,New Jersey
596,john99,o*g0G7H*si,North Robert,Oregon
597,gtran,G^_1NVaYxL,New Todd,Washington
598,kevin61,&bHm*XaRj8,Mcintoshmouth,Louisiana
599,kennethhooper,ih*9GWo$r+,Underwoodshire,Missouri
600,ujohnson,s^s44Cu+uv,Conleyberg,North Carolina
601,james29,!dMB2ITwjO,New Deborahton,South Carolina
602,rstewart,_65B4OuyM(,Jonesfurt,Michigan
603,kleindaniel,kLIrK8Ol)4,Lake Saraport,Alaska
604,melissa44,ka4D(TqEk!,New Williamhaven,Nebraska
605,whitenatalie,S47h8HMn&6,Romantown,Washington
606,obutler,#@9a!tKpqP,East Hannahshire,Arizona
607,hoffmanrichard,+7_B0dPqd4,Michaelton,Texas
608,amy23,*teb*CNy7U,North Christopher,Iowa
609,williamsonjoshua,#@6Z@acw+1,Mullenborough,Maryland
610,angelasolomon,_((G2D%zLV,East Marie,Connecticut
611,vshelton,X^0QCOkrx#,Port Michaelmouth,Colorado
612,bryantkrystal,1HAgiCsO)K,Robinborough,Louisiana
613,lisajones,JWv$10jz_1,East Bonnie,Nebraska
614,fturner,jR2Qtx4r3*,Port Dannyfurt,Mississippi
615,markkelley,65G^jkx$_r,Lake Monicabury,Oklahoma
616,katherine34,Pc8bECoe^1,Port Christinaville,Idaho
617,stoneadam,B%de3Ci3)T,East James,Oklahoma
618,kzuniga,^R3HQnHV0_,Reedville,New Jersey
619,james03,#NAME?,Annaton,Tennessee
620,charles85,r7QCXJmi!F,North Edwin,New Jersey
621,danielgibson,^r02NZfT0j,North Angela,South Carolina
622,denise65,@HAideyv#9,Port Thomas,Kansas
623,cameron80,)6SoTmYwfw,Lindamouth,South Dakota
624,agonzalez,*W5LvYaeIS,East Lindaton,Maryland
625,amber74,+)@qJBan30,Stevenborough,New Hampshire
626,dawsonjonathan,$+_3oBBbq+,West Abigailfurt,Alabama
627,andrew69,#uMDEXtI9%,Wilsonstad,North Dakota
628,juan65,%4gFxYC*cC,Delgadostad,North Dakota
629,leekristin,D$((3NqUdj,East Raymond,New York
630,olsonsharon,&fK3DWi(#O,Knappburgh,Oklahoma
631,mackenzie95,#NAME?,Walterstad,Pennsylvania
632,melanie89,*$UUzSKrN9,West Loriside,South Dakota
633,ppeterson,B4jK(yvk#g,West Yolanda,Massachusetts
634,brendan11,2)b3SYByy@,East Sheilabury,Colorado
635,smithshawn,)Jf(Q0Ur_R,East Brenda,Pennsylvania
636,troyjenkins,%9NJlJd_o@,Aliciaburgh,Michigan
637,cardenasanne,EZ#291XuCC,Lake Maryville,Oklahoma
638,katherinetrujillo,12+_i3Qs73,South Robert,North Carolina
639,vyang,+4vHeMh+U^,North Kevin,Oregon
640,olivia69,(MMA_to6U0,New Anthony,Missouri
641,smithheather,0q2P1Tym^0,East Williamton,Maine
642,taylordiana,_q49UxAyx0,Reynoldsmouth,Texas
643,kaitlynrusso,1pCT#*#J!j,Crosbyburgh,Nebraska
644,mariahsingh,mC5Wt_YI(z,East Olivia,Pennsylvania
645,bjennings,^5w36mFtWT,Shannonside,Delaware
646,skoch,65ZQ_3tk%%,South Keithton,Minnesota
647,yrush,VG3WIn(lw),South Jeffreymouth,Maine
648,elliottjenna,^3f6XUy8K_,New Mariah,Montana
649,matthewritter,!1XxxTzmdp,Nancyside,South Carolina
650,anthonyadkins,oO8FFw7m$v,Powerschester,Georgia
651,jessicakaufman,I6D8lOqo$J,Patriciaberg,Ohio
652,mpowell,Mz7KuXVu*+,Wardview,Colorado
653,nscott,Ta)AE$pZ!3,South April,Michigan
654,daviskatherine,%L7O!*qpS6,Haneyton,Texas
655,brownsusan,$3bA(tHy$G,Heatherberg,Texas
656,kaneemily,4Cu1iBpoi),Leonardfort,California
657,gloriahall,*$g9eNcqW),Lake Yolandaville,Oregon
658,nwilliams,$OVZ&RQno8,Port Lisa,North Carolina
659,rebeccahall,32S10yTbJ!,Davidport,Maine
660,jamesthomas,^KWlwZ3n3#,New Jason,California
661,qcook,Ga@4OAbp&2,Lake Stephanie,Michigan
662,hpratt,VW88Wf^_@9,Robertfort,Massachusetts
663,ssimpson,%4zE*fUhla,North Jeffrey,Tennessee
664,ramirezbernard,D+7q6Df5l^,Ryanburgh,Missouri
665,joseph38,G!6vKzvt7v,Sandratown,New York
666,senglish,Ga213xUy&&,Elizabethchester,Colorado
667,cmartinez,4m!TaBUm(5,East Betty,Georgia
668,ricedaniel,_fM9Kkq54$,South Amandatown,Mississippi
669,johnbailey,I89Rhzzq&8,East Michaelshire,Vermont
670,mark31,)7BCD5gn3@,Robinsonside,Illinois
671,hartmegan,^2vnz8MPHj,Williamville,Oklahoma
672,gordonrobert,YMMMSfwl*3,North Timothyville,Indiana
673,shelby97,!p3yQOSh#S,South Amyville,Delaware
674,caseyross,kMp5Ww1i&n,Coffeyfurt,Washington
675,gbenjamin,h*5jS#eB47,Shortport,Arizona
676,danieldalton,^y9s1BoxwK,West Stevenberg,South Dakota
677,qperez,mi0!LjJ2S!,South Nicole,Tennessee
678,yvettemason,68DtupdF(D,North Erin,Idaho
679,jason80,nD6sEOSc)Y,Tammyberg,Alaska
680,cookann,&23GNZi#Gh,North Chaseside,Wisconsin
681,kara32,FA(4LpWTdF,Johnsonville,Minnesota
682,michael37,*2#9)LsbQ1,Darinbury,Nevada
683,ingrampreston,*VN38htYt0,Port Hollyshire,Utah
684,wwalker,%QrDH#x)#2,North Erik,Rhode Island
685,christopher06,^5_Eiq#!!O,Lake Williambury,Georgia
686,fergusonashley,S(k77xYmdu,Lake Benjaminton,Texas
687,joshua62,V6pW$xOy^k,Hickstown,Texas
688,brittany66,P@_ve1AU4e,West Nicolechester,North Dakota
689,julie84,c1ROD$bo^J,Mullinsmouth,Massachusetts
690,suarezmarcus,@8guLy1fJS,South Louistown,Connecticut
691,jsloan,!10#XJNl)C,North Phillip,California
692,okidd,163KvK*bV_,Port Sarah,Oregon
693,morsemichael,Hr+@NGHu+4,Sancheztown,Pennsylvania
694,katherine48,!ub9*OmUQz,Ramoshaven,Connecticut
695,anthony92,3!0mX29sZy,North Diana,Montana
696,kristabrooks,%nx&f8NcGK,Michaelport,South Dakota
697,sierragreer,%W4c!QT&6n,South Isabel,Maryland
698,joseph45,e*$)31Lm@x,Harrischester,Arizona
699,alec93,4#J5GIpytU,Lake John,Nebraska
700,dan28,@7WTDxv3+N,Port Samuel,Alabama
701,arthur57,2XQGw5!q%n,New Amyton,Colorado
702,amunoz,#CF0%myCC4,South Brittany,Indiana
703,floresmichael,*_9RlnqyGN,South Markstad,Hawaii
704,phelpsbryan,()bVaPh*72,East Michael,Colorado
705,lpadilla,r!0YMUGjWL,North Bryan,California
706,jarvisnathan,f5sYxbz)&M,Port Haley,Massachusetts
707,jwright,J%X@9Eii6e,Jacobton,Idaho
708,christopher02,X+1q50Hv@@,Lopezstad,South Dakota
709,anthony03,G)1Jdv^yVm,South Chad,South Carolina
710,jasonrogers,De44!2Eo%7,West Josephmouth,Massachusetts
711,jacqueline82,@1AXJzl&6t,Peterfort,Montana
712,stephaniewilliams,^K5GS8wN9n,Hannafort,Arizona
713,rodriguezamanda,vSlI8%E*%9,South Randy,Missouri
714,housesusan,%$#n83Ii9$,Miaton,South Dakota
715,julie74,!0WCQHdvv6,Lake Gregorymouth,Mississippi
716,justin22,Z+sw1PqQ)q,Lake Carol,Mississippi
717,kellywarner,i8odJ#zz!_,Matthewsmouth,Tennessee
718,ashley80,3Z7HejCzF),East Christina,Minnesota
719,markdavid,(fmLX#VVY6,New Haroldchester,South Carolina
720,brett71,17Er+XHj%f,Baileyborough,Florida
721,gjohnson,2jDDWoYJ#6,Timothystad,Michigan
722,gilberttimothy,$1IcIawfeP,Jonesmouth,New York
723,zwilkinson,4$TN_lga#6,New Danielshire,Alabama
724,kellydavis,cALDmr@q+2,Wattsfurt,Rhode Island
725,nancy40,@&ODkrrmr7,New Tinamouth,New York
726,jennifer07,)2zD)PZf7l,North Kevinshire,Minnesota
727,bschneider,Pi_3EDo#a8,Douglastown,Missouri
728,allennelson,!MZ+cJV)u9,Thomasside,Delaware
729,thomaslewis,Yu*1m1HkkZ,Morrisside,Arkansas
730,amber32,R#94RAmIL7,Samanthabury,Tennessee
731,garymiller,&!+1y^DkQ_,Timothyport,Montana
732,vsimpson,fF$5Ih!m8P,Port Jonathanmouth,Rhode Island
733,hallkristina,()LX7RfVc!,Bettyport,New Hampshire
734,phillipsbrandon,f@ea3JcFap,Gomezside,North Dakota
735,uwilson,sh7_KLb%&3,South Kelly,Massachusetts
736,wjohnson,@6VMVn0d6#,North Sierra,Maine
737,dominicporter,@++a%KJ0l6,Port Natalieside,Texas
738,tammy99,^3&+5FzJI@,Williamsonfurt,Maine
739,pjohnson,&(8g^%YqSL,Smithhaven,Idaho
740,walshjoseph,L+8KMSDeFi,Stephenfort,Alaska
741,zortiz,jKFbKb+g!2,South Chase,Texas
742,wcollins,ot4yZMvZ2#,Lake Kristenville,Virginia
743,zparks,91^GR#Nu(3,Angelatown,Tennessee
744,michael81,$p#+B3Mt#Y,Hillside,Montana
745,igiles,5PHtH3Df$1,Davidmouth,Michigan
746,cartersean,3WPM%Id8(4,Lake Ericborough,Indiana
747,mfrank,xhYciUAQ*3,New Trevormouth,Georgia
748,justin17,e$7D*dbeQh,Lake Anthonyland,New Hampshire
749,evelynharrison,E952k$Sa#I,Brentberg,Georgia
750,contrerasbrian,!R_8@XhTGK,South Denise,Kentucky
751,christophersharp,lLOPWHc8_8,Mclaughlinbury,Kansas
752,chandlerjennifer,@kSM2m8b55,Sarahton,Alabama
753,tphillips,&qhy)2OliP,East Regina,Wyoming
754,zachary01,&3L5SPIdwT,Port Jamesview,Hawaii
755,irwincynthia,FzXnXi4t!0,East Sheena,Hawaii
756,gonzalezsally,*HjXeocg+4,Richardchester,Nebraska
757,nathanielmitchell,7!3gDDvS#d,South Samanthaland,Alabama
758,carolgay,BycB70Od#Y,Nelsonchester,Virginia
759,ricky29,UX6CH_)ro$,South Gabriel,Arizona
760,zbaker,i0P!kjAa#y,Ballborough,Colorado
761,singheric,(4TPfx6)!I,South Daniel,Iowa
762,briancook,O7KBW52b@T,Stevensonview,Missouri
763,brittany04,D27yoT!y)Z,Burtonberg,Minnesota
764,everettangela,6(5vHe!$S*,Santanashire,Wisconsin
765,steven32,$8%CR%BVup,Lydiaville,Pennsylvania
766,russellgina,D7wEYs#y%Y,Sanchezton,Maine
767,scruz,!hOSaE0(H4,Lake Suzanne,Illinois
768,qlarsen,105vWzvm^1,East Maria,Florida
769,xmurphy,%LYuqd1BM2,Perryton,South Carolina
770,reedmichelle,$3+TnsUb#9,West Aaron,Maryland
771,gjones,%4KVg!B$6m,South Jessicaville,Alaska
772,mark82,60BX(eJ_&Q,West Christopherton,South Carolina
773,rsanchez,JKz7Hvca$_,Clayhaven,Washington
774,mcdonaldkaren,X#HtbUTe&7,Rebeccamouth,Arkansas
775,ihumphrey,uORA7A*z%%,Port Erin,Illinois
776,foxmegan,^%1JpTEM$V,New Jessica,Oregon
777,zachary71,W9w81cGh_*,Conniechester,Mississippi
778,washingtonkevin,8C%1GLPo+U,Sierrafurt,New York
779,drewmartinez,71Ox$64g*J,Richardburgh,Maine
780,johnsonchristina,@7K(a%cE!z,East Andrewborough,Tennessee
781,leahfuller,jyOcWVd!)7,Ramirezmouth,Texas
782,frich,w9FP%jze)5,South Ashley,South Carolina
783,kimdaniel,Mr8)OZsk#w,South Jeffrey,Missouri
784,tina89,^#(&Z4Xn4!,Lisamouth,Kentucky
785,tjones,IrARatDi%5,Lake Sandraland,Alaska
786,griffinalice,s+9Zgr%X@T,Port Kathrynmouth,Alabama
787,alexwest,&_JI3HNtva,West Julia,Washington
788,jason37,Yiy6lDGa&V,South Alexander,Montana
789,matthew38,$t#1Hxpy2),Clarkview,Iowa
790,jweber,b5tS(K#b)N,Thomasmouth,Texas
791,lori31,)v)MIBQK64,East Marc,Arizona
792,shawn28,zBI(2HGzI6,Lake Charles,Connecticut
793,qsosa,O8WIKhiV*b,Port Casey,Iowa
794,stacey77,^DDrrUn)+1,West Rebecca,Nebraska
795,dunnkayla,r%9TKsTR3d,Shelleyfort,Kansas
796,kathleen05,@*D9Zkq&vT,Colleenside,Connecticut
797,mckeemichael,Yf(QHYQ&^8,Carlland,Wisconsin
798,vrivera,x4zED*Vx#l,Ricefurt,Texas
799,suttonlaura,)^A1LHbapW,Rodriguezburgh,North Dakota
800,henryjasmine,X#I7QSFe!9,Morganport,Nevada
801,ijohnson,#g1&IP+W(9,Skinnerfort,New York
802,dli,$T@7Vc&5yu,Port Shanehaven,Connecticut
803,ian23,E@scIk6dUK,Kathrynstad,Kansas
804,adamskimberly,*jDmO)WYu2,Micheletown,Michigan
805,drussell,$4uGgLulWq,Lake Christinehaven,Iowa
806,princecassandra,vWZ)88RbdT,West Timothy,Pennsylvania
807,patriciamathis,wxWcpy+%@4,Brianton,Utah
808,daniel03,(V_J8Gq4mY,South Andrewborough,Idaho
809,brandon37,E!JZXQab^4,Davismouth,Connecticut
810,qanderson,!Z6NhwXZyE,Port Lisaside,North Dakota
811,whitneychaney,%7T)_zfyMy,Hillfurt,North Carolina
812,wandahammond,Tv7CMpqjC&,Rushborough,North Dakota
813,vincent29,k6xYBD5u@(,North Phillip,Illinois
814,nmiller,sr9PXzeg(@,Christinahaven,Missouri
815,matthewmyers,824WKTTw^M,Melissatown,West Virginia
816,ihanson,^6FoVbqdyv,West David,Utah
817,wwall,2z5MIYAt+y,Longborough,Louisiana
818,michelleadams,U3BBZ^Ek_+,Port Hector,South Dakota
819,nancy45,)!gD9Odict,Carterside,Alaska
820,mendozajonathan,&7NhCTBb7$,Jenniferton,Arkansas
821,millerkayla,@1ZnZ%3zO1,Milestown,Nevada
822,frichards,XMP^3iSeKW,New Melissaberg,New Jersey
823,wvelez,3v1gR2mMD@,South Mark,Indiana
824,millscatherine,%G4FWldfQB,Danielleberg,Idaho
825,victorsoto,46YeIxYS(p,East Johnside,Rhode Island
826,molly63,x4fN&b1c*R,East Richardburgh,Kentucky
827,colleenstevens,Ie6hNGmC3*,East Randallstad,Connecticut
828,tyleraaron,*y2PXhiF_p,Fergusontown,New Mexico
829,john51,)%8sZu2Wwq,Lake Brandymouth,Colorado
830,ulyons,w2@OpIWk(b,Lucasbury,Maryland
831,alexandriadixon,jO(6rWGqN(,Lake Cheryl,Kentucky
832,twright,)#n3pZlszm,Aguilarfort,Tennessee
833,jessicaewing,8Y7PSzHMr$,North Cassidy,Nevada
834,carolyncoleman,_9oWpjhG)Q,Michaeltown,Alaska
835,hilljoseph,(9EUtTuq22,West Dustin,Michigan
836,brenda31,9isKCuTd)r,Gilesview,Oklahoma
837,danielletaylor,^NmWBsHJ4f,North Dawn,Virginia
838,devin11,OP$i0CJoE&,South Erika,Louisiana
839,nguyenkevin,)YLuAzz+i5,Joshuamouth,Montana
840,mathisjonathan,^)BH1^vh39,Brentfurt,Illinois
841,llee,L%G4FKOwR^,East Willie,Virginia
842,danielgarcia,52FWVp9k&A,Lake Johnfurt,Missouri
843,ashleyjones,)8oIKsmt!z,Port Tammyfort,Florida
844,cthompson,&7KGbCnjV),East Johnmouth,Nebraska
845,diane54,2RYeQl&+@G,East Sierrachester,Arkansas
846,yhunt,B!_9Al!$)h,Jessicafurt,Arkansas
847,jbrown,!@%8RXa@Y+,Mendezborough,Connecticut
848,jessica54,!LE1gbEfM3,Scottmouth,Wisconsin
849,kjones,j%R1%VR5@2,East Lisa,Michigan
850,derrickschwartz,7QI&MGPe(#,Stevenhaven,Massachusetts
851,chapmanlynn,7c@NrlNF^s,Port Rebeccastad,New Mexico
852,tyrone86,a%6((8Di3t,Port Robert,Arkansas
853,lavila,$aOf63GgE@,New Emily,Rhode Island
854,fullercrystal,hd_8zIkDGK,Hernandezview,Massachusetts
855,amydodson,e3H8TaZ+%#,West Davidland,Maine
856,molinaalec,%*Np7xLn#1,Allisonbury,Vermont
857,howardkelly,$7Y6(t8q25,Robertborough,Alaska
858,sarah40,M5#14Y8S^a,New Brittany,Vermont
859,vherman,*fsQH+Ij5s,Villegashaven,Rhode Island
860,johngraves,Q+8Wqc+G7y,East Joshua,New Hampshire
861,matthew36,H_7t5Wsvwx,New Richardton,Oregon
862,onavarro,s0UV6xaY^H,East Ricky,Ohio
863,vhardy,*g&4iYxk#8,West Davidville,Kentucky
864,johnpeterson,12lNptuV#i,East Benjamin,Arkansas
865,darin47,e@1FI+gN_&,Port Darius,New Hampshire
866,xwalsh,b!VtM0XxV1,West Michael,Maryland
867,bradley31,!3Z_Tdjf_x,Annettefort,Connecticut
868,xhutchinson,iZS8Ly1J%D,East Nancytown,Arizona
869,lsimmons,u_1zK4Xkgm,Joshualand,Arkansas
870,donnadiaz,#7ZcxAtaGE,Bettymouth,New Jersey
871,teresa53,R5XwdWlt_C,West Matthewhaven,Utah
872,virginiagardner,n5poRsVe%1,East Parker,New Mexico
873,martinashlee,P8gPW3f*#&,East Brian,Mississippi
874,zimmermanlaura,G^t1e+bxSK,West Mary,New Jersey
875,sloanjoshua,ZJi8hmhc+(,Kathyfurt,Pennsylvania
876,amy57,#)4Z2XMbl0,Elaineton,Arizona
877,autumn04,K&Z5PZv3Q#,Garyshire,Wisconsin
878,vasquezkathryn,P#6JHQdr9p,Lake Wendy,Mississippi
879,steve78,GaGtzoF)*7,Smallborough,South Carolina
880,jpage,)hDH9jgQ7b,Dianeside,Oregon
881,mary22,NE4qDl0a)p,East Audreyland,Oregon
882,holly10,)$Y4q1BVeo,East Richard,Vermont
883,williamcraig,u4WmUZ*F%O,Williamberg,Wisconsin
884,pcastillo,#NAME?,Andersonland,Louisiana
885,cabreracatherine,$j0Dgx49jL,Port Jessicaville,Oklahoma
886,cameron95,B6PP!XZg)q,New James,Montana
887,tiffany60,VEMOgm4k_8,North Charles,California
888,jacquelinereynolds,^caD%4Byh4,East Amandahaven,New York
889,reedryan,Q#2kL5Vlyf,New Michele,Maryland
890,madison51,z+6G8YDMNo,Lake Linda,Virginia
891,scottwallace,W+alF4wiWI,Marshallmouth,Colorado
892,eric85,+5VWT*wp(v,Rachelmouth,Wyoming
893,trujillobrandon,8l8Xo_$f!M,Jamesborough,Maine
894,amanda31,dV06AC+z+P,Scottfort,Indiana
895,krobertson,#466fEzKn4,East Annaville,Missouri
896,lestereric,P*4u0VGA&d,Kempview,Wyoming
897,halldenise,*K1mjO6a5g,Justinhaven,Ohio
898,kevin41,3HnC1WouZ&,South Kellyland,Iowa
899,parrishjoseph,^VNv6YGd%U,Paulport,Kansas
900,davismonica,28#QtEgU(p,Paulatown,Colorado
901,keyellen,m8R!0Bth&V,Robertmouth,Illinois
902,perezdavid,0!K9IdJk)$,New Jameshaven,Maine
903,youngstacy,IRN6E@wk+1,South Taylor,Washington
904,ajenkins,4e!5A9pB+@,North Lindsey,North Carolina
905,orozcoconnie,%4cTjQ$pc@,Joshuashire,Pennsylvania
906,jakescott,#NAME?,Matthewtown,Connecticut
907,albert55,5yX6Bm*1%9,Marcview,New Hampshire
908,marysanchez,&4Eyd2@Svt,Port Anne,Kentucky
909,phillip15,^EQhqcey38,East Breannashire,Iowa
910,ipalmer,$7A1LUsRhu,South Robert,Alabama
911,yvonnebarnes,A$7+_fGm1p,Lake Kathleenmouth,Oregon
912,cliffordadams,s3qOlxw!+%,New Lisastad,Alaska
913,castanedachristopher,$wyTHmzXz7,New Jonathan,California
914,cfuller,)3dVo(^kLb,Joneston,Texas
915,patriciaschneider,@!5AP)Ny45,Christopherview,Kansas
916,ravenmoran,K(qD7G*oHH,Christianport,Oregon
917,ymiller,HJ9xm^9cL#,Stephenchester,Tennessee
918,terryanna,TX31Ho0cd!,North Daniel,South Carolina
919,derek20,yEe0SyGI#a,South Brandon,Maryland
920,fshannon,6pQEIg+H*n,Evanshaven,Vermont
921,meghanlewis,bpxTz8Mv%^,Josephland,Louisiana
922,kevinkemp,__s&kLRf+6,North Gina,Oklahoma
923,stacy05,(lS+$Kc8O0,Jonesberg,Maryland
924,rlang,Z1RJamEc(q,New Justin,Michigan
925,george65,A7%NjxrZ^7,Curtismouth,Vermont
926,barrysmith,M1TUm^bs^P,Collierton,Massachusetts
927,angela52,hR+7Sd4O!E,North Jessebury,South Carolina
928,cooperclayton,OR!Z6jGc30,New Tiffany,Hawaii
929,john32,#C!GK%kH64,Port Elizabeth,North Dakota
930,dmurphy,^s9zMai2EL,Port Lisa,Nebraska
931,colescott,)(I2bf2cP9,Lake Sherry,Louisiana
932,philip46,Y5aaANGo(L,Robertchester,Washington
933,jessica41,^2_RnKNCve,Rachelfurt,Iowa
934,duncanjonathan,NE1e!wNd^4,Pamelaview,Wyoming
935,wayne89,)q)Erp2z)2,Lake Adam,Hawaii
936,dianamiller,5t6LEmN9A^,New Matthewport,Arkansas
937,tanyarice,_t1ECzYgrN,West Matthewport,Tennessee
938,taranewman,+dbF3zMw8#,Lake Toni,Florida
939,stephaniegarcia,^Qp4rL^w6s,Rangelside,Tennessee
940,timothy60,)gKSJV0cv0,Brandonburgh,Alaska
941,xlutz,6_HQv7DoR9,Dianehaven,Oklahoma
942,sarah05,M3VdENY&@d,Gainesshire,Montana
943,laurenwalsh,_nQA95+pJ9,Costaville,Oregon
944,georgevilla,9_2EQti%a+,Bensonshire,Colorado
945,donna78,x6UNV8rl&J,West Meganshire,Washington
946,dsantana,t_0IYr28df,Knightport,Rhode Island
947,teresa29,)e@ckP^p%0,Tammieborough,Idaho
948,vgeorge,*0uUUTp9nn,Dyerfurt,South Carolina
949,amanda82,QMj+4I9jki,Williamfort,Indiana
950,perrytony,$O6(0tWzO3,Robbinsview,New York
951,maycynthia,Y5QUolqR(1,Lake Andrewchester,Maryland
952,brobinson,(5^_8uBwP*,Reginafort,Utah
953,erinbeck,v(S9IDiaAV,Angelaborough,Indiana
954,monica01,&B18QY_b&v,South Steven,Arizona
955,michele93,Y4poWc@k$P,Lake Kylehaven,Virginia
956,connie87,p^8nIVjIes,South Carlafurt,Virginia
957,david46,lwD&XD&r%3,Melissaville,Oklahoma
958,stacy65,*9scINRTqJ,Byrdshire,Hawaii
959,tatecrystal,H)vK2E6oGH,Port Jameshaven,Wisconsin
960,eugene86,(6TeF&hV&e,East Daniel,West Virginia
961,ygarcia,&9N0tkWv^%,Port Luke,New Mexico
962,brian14,NaWiWsh8$7,West Nicole,Wisconsin
963,bakerrebecca,3BI9v&Hk#F,Piercechester,Tennessee
964,anngarcia,^U5JIti11z,Simpsonbury,Vermont
965,wvillanueva,$$5@Itpa%X,Brownside,Wisconsin
966,nelsonmitchell,^7N*GccS^U,South Sydneyberg,Oregon
967,zbryant,UpXZ7Wpl2(,Parkerhaven,Mississippi
968,chris96,y3L9CwhN^8,Lake Jonathanview,Texas
969,jonathancoleman,O^_P*lu&+4,Port Erinfurt,Illinois
970,carriesparks,Lvt9)tFTT(,South Jesseberg,Nevada
971,laneluis,D@4IzvPi^_,Annhaven,South Dakota
972,jamespark,5bqaGOAX_1,Sullivanmouth,Maine
973,westsarah,B*7sIiqJMQ,Nicholasshire,Virginia
974,sarah79,a+p6Ax3)2F,East Brookeshire,Pennsylvania
975,taylortracy,Sxr7Ig1a&x,Stephanieshire,West Virginia
976,gthompson,*#_Z26Va_#,Lake Chasebury,Texas
977,josephray,a+t5F1v1u$,Michaelstad,Virginia
978,alvarezpeter,^jnI7xJrh$,New Matthewmouth,South Dakota
979,jonesgloria,7&^8LxbcZZ,Timothyland,Georgia
980,suzanne66,+R)^0RIjFI,West Margaretchester,Wisconsin
981,michael24,@cp!8B5qt@,South Kennethside,Arizona
982,mendezgregory,2TPlt6j6)S,West Seanview,Texas
983,markwatkins,T&l^0wi4)A,Jordanfurt,New Jersey
984,tsharp,@C4NCYRrhf,North Corey,Illinois
985,fpatton,S(9&QayzOF,West Emily,New Hampshire
986,sonia05,!7Go7Zb1$3,Rickychester,Georgia
987,morgantracy,uL8PKZHz!1,Amandaburgh,Florida
988,philliplam,1al69K8b$q,Joneshaven,Colorado
989,jacqueline24,&k*)Z4QgtT,East Brianmouth,Hawaii
990,kellerdavid,v7r9W*#v(i,Melindafurt,California
991,cwalker,J*X2M7a!wA,West Amymouth,West Virginia
992,briancastillo,E4*RkY^T!d,Hillside,Illinois
993,campbellashley,%*1hPK%oR5,Lynchborough,Maine
994,bgray,#y6pQdve$X,North Amandafort,Hawaii
995,joseph25,h*8TEjiR(l,Melaniefort,North Carolina
996,zfernandez,#Q)3*_EoWT,South Zachary,Georgia
997,lgonzalez,^%da88WgK&,Elizabethside,Massachusetts
998,prattelizabeth,u8wsUgUo%6,Mooreport,Maryland
999,tbecker,$@zBG^aj5K,North Philip,Idaho
1000,shall,)aC%XSbK)1,Alexanderchester,Louisiana
