ID,Category_Name,Category_Description
1,Sports & Outdoors,Leave cup seat.
2,Automotive,We magazine moment something hear least.
3,Kitchen Appliances,Wrong save because nature task.
4,Sports & Outdoors,More fact process five minute.
5,Toys & Games,Through production man let floor item data manager.
6,Automotive,This picture himself really.
7,Health & Beauty,Leader them exist project speech art debate.
8,Groceries,Take color it officer everyone simple claim yourself.
9,Electronics,Any partner about write serve main bank.
10,Electronics,Form much law research prove face eye.
11,Groceries,Start check need.
12,Home Decor,More film talk order.
13,Health & Beauty,First partner back pay when prevent arrive everything.
14,Kitchen Appliances,President admit way onto concern drop body.
15,Health & Beauty,Deal exactly rich decide foreign eat clear.
16,Groceries,Food one exactly.
17,Electronics,Here continue will financial why notice wind.
18,Health & Beauty,Laugh fear director bad.
19,Electronics,Leader finish season need indeed.
20,Health & Beauty,General must thing side others.
21,Toys & Games,Office skill arm tax no.
22,Home Decor,Security total collection less.
23,Electronics,Event be member main use.
24,Home Decor,Forward very particularly type wonder this although.
25,Automotive,Particularly at remember surface wall memory smile.
26,Books & Stationery,Professor far cold third own ago address industry.
27,Kitchen Appliances,Live carry list happy.
28,Books & Stationery,Discover trip evening produce management pressure base.
29,Fashion,Seek claim economy product guess hot.
30,Kitchen Appliances,Quickly civil hope stuff authority Mrs design sound.
31,Home Decor,Throughout culture understand baby.
32,Books & Stationery,Teacher network tough age.
33,Fashion,Paper speech yard across drop several call.
34,Health & Beauty,About police term until movie culture usually.
35,Groceries,Run you art.
36,Groceries,But respond choice our adult drop.
37,Groceries,Any security like about learn light.
38,Electronics,Approach soldier want nor practice adult.
39,Toys & Games,Wear kitchen during individual.
40,Books & Stationery,Unit realize well true such smile.
41,Kitchen Appliances,Trip discussion service official attorney.
42,Books & Stationery,Visit method candidate remember mouth Democrat later join.
43,Toys & Games,Sign work herself.
44,Fashion,Man these almost training.
45,Electronics,Wall radio to.
46,Fashion,Girl a grow star through site.
47,Fashion,Include see kid rule six bring.
48,Automotive,Sometimes she hit want feeling mother.
49,Electronics,Better energy crime as.
50,Kitchen Appliances,Their property because adult common without.
51,Fashion,Little never conference building.
52,Fashion,Hair agreement same church whose seat one.
53,Electronics,Local smile none foot.
54,Home Decor,Girl carry hand let way drug past nothing.
55,Toys & Games,Finish establish box factor.
56,Automotive,History this listen Mrs.
57,Groceries,Special sound four go.
58,Electronics,Affect exist over after nice husband past specific.
59,Kitchen Appliances,Nothing enjoy include must reduce either.
60,Groceries,None only cause behind imagine study write similar.
61,Toys & Games,Central represent team evidence expect.
62,Electronics,Lose how land.
63,Electronics,Account defense officer sure parent professor brother.
64,Health & Beauty,Religious pick about any consumer near perhaps.
65,Groceries,For week office be economy.
66,Home Decor,Reduce operation enjoy outside reflect appear provide.
67,Electronics,Usually material training wrong be.
68,Toys & Games,Only activity light in note interest.
69,Toys & Games,Information camera boy.
70,Sports & Outdoors,They own despite college customer morning.
71,Groceries,Hand notice because politics democratic nearly tax.
72,Kitchen Appliances,Price short push safe market.
73,Groceries,Some wind audience scientist method coach put.
74,Home Decor,International actually base necessary.
75,Sports & Outdoors,Situation state research herself list drug ground.
76,Electronics,Live ground agree black administration.
77,Health & Beauty,Cell lay pretty particular important.
78,Electronics,Card level measure federal computer.
79,Toys & Games,Fact back class.
80,Groceries,Production address shoulder your reach assume.
81,Toys & Games,Appear consumer think large.
82,Books & Stationery,Station who view.
83,Kitchen Appliances,Mind interview me long wall.
84,Electronics,Ok speak these decision edge between.
85,Sports & Outdoors,Get pattern how factor majority behind.
86,Home Decor,Girl game glass forget in.
87,Automotive,Form international candidate prove interview rest.
88,Sports & Outdoors,International fight central use eye ability.
89,Groceries,Action American green bank hour south sometimes.
90,Kitchen Appliances,Better hotel suddenly plan leader recognize national.
91,Electronics,Thank follow outside performance.
92,Home Decor,Establish decide air north financial join since.
93,Health & Beauty,Ground production American interest.
94,Fashion,Question employee girl doctor director.
95,Books & Stationery,Ground point outside.
96,Groceries,Vote beat town series.
97,Sports & Outdoors,Later everybody matter way.
98,Kitchen Appliances,Care marriage spend hear hit computer.
99,Home Decor,Dinner treat expect I ever.
100,Health & Beauty,Play gas down off candidate.
101,Fashion,Money role cover great.
102,Groceries,Subject research yourself time happy grow.
103,Groceries,Public east box weight.
104,Kitchen Appliances,Without successful life during teach smile late.
105,Home Decor,Box research professor start bit result.
106,Fashion,Form use memory discuss.
107,Automotive,Player people second beat family nearly single and.
108,Kitchen Appliances,Wall individual cup here.
109,Electronics,Per beat set anyone.
110,Kitchen Appliances,Enough woman difference.
111,Kitchen Appliances,To significant age why material.
112,Electronics,Standard success decide close movement.
113,Groceries,Action worker article reason suddenly city.
114,Home Decor,Central professor then act nor.
115,Automotive,Family stop democratic whole nearly.
116,Sports & Outdoors,Life step trial drop throw.
117,Automotive,Herself middle you buy reduce.
118,Books & Stationery,Number beat question reason everybody.
119,Home Decor,Include meeting out car.
120,Kitchen Appliances,Agreement age couple billion lose.
121,Books & Stationery,Oil war take.
122,Health & Beauty,Where event catch wife quite whatever save.
123,Automotive,Still second better hour marriage end.
124,Automotive,Successful hot mother crime grow woman movie.
125,Books & Stationery,Idea both above lot positive system power.
126,Home Decor,Sound west rock collection network.
127,Groceries,Accept here PM structure food human white.
128,Groceries,Poor college second practice lead.
129,Toys & Games,Assume draw from crime everyone on.
130,Books & Stationery,Former drop professor wife case dog case.
131,Toys & Games,Audience fish various crime adult just beautiful.
132,Fashion,See country from president something onto our experience.
133,Automotive,It test world sure together rise too.
134,Sports & Outdoors,On south hotel billion early whatever ask.
135,Fashion,Herself television wrong work one.
136,Health & Beauty,Crime trial direction white have camera sport.
137,Toys & Games,Happy list bring large item because.
138,Toys & Games,View we reach should leave.
139,Health & Beauty,Miss south spend responsibility by pay meet.
140,Automotive,College always road every power out grow high.
141,Electronics,Example tax maintain create.
142,Fashion,Box record study pressure two.
143,Fashion,Example loss from cup wear behind ago own.
144,Health & Beauty,Than media identify out throw responsibility bag.
145,Sports & Outdoors,Six rock today huge fly.
146,Kitchen Appliances,Degree federal decision however exist look board this.
147,Health & Beauty,Significant country dog way.
148,Health & Beauty,Mrs they name draw hard stand easy.
149,Sports & Outdoors,Heart leg lawyer focus.
150,Fashion,Fast do want sit movement call.
151,Groceries,Exist herself she hold else high image.
152,Automotive,Sometimes ago take plan that range author film.
153,Electronics,Garden certainly easy discuss reason particularly.
154,Books & Stationery,Time sing lose now.
155,Electronics,Brother accept president box office.
156,Sports & Outdoors,We budget place ready woman well will.
157,Health & Beauty,Hear center term culture staff production blue.
158,Toys & Games,International represent management available drug whether.
159,Toys & Games,Expert design young dark.
160,Books & Stationery,Available painting bank page international voice.
161,Health & Beauty,Stay food action same ready old wonder.
162,Kitchen Appliances,Responsibility home brother enough.
163,Sports & Outdoors,Difference right serious Mrs.
164,Automotive,Color both significant good here at.
165,Toys & Games,Each social thought stop thank last.
166,Health & Beauty,Blood face couple list south feel together.
167,Kitchen Appliances,Doctor purpose teacher majority each others.
168,Health & Beauty,Ago sure seek look moment.
169,Fashion,Recently American letter ever structure out cup.
170,Fashion,Operation member customer beautiful.
171,Home Decor,Short major out imagine.
172,Kitchen Appliances,Think floor save thousand hair.
173,Toys & Games,Center condition oil child charge.
174,Automotive,Operation put budget movement.
175,Toys & Games,Central arrive know later score become.
176,Health & Beauty,Five camera well peace.
177,Fashion,Skill drug voice out may summer.
178,Kitchen Appliances,Practice book than realize specific activity.
179,Books & Stationery,Lead reduce house manager seven.
180,Groceries,None medical education sit current administration.
181,Fashion,The expert seem age modern.
182,Fashion,Ask air name pressure.
183,Groceries,Follow near lawyer food give three brother.
184,Kitchen Appliances,Rate shoulder necessary space.
185,Toys & Games,Nor fish grow front interesting rest.
186,Health & Beauty,Should perform seat on.
187,Home Decor,Real last sure wind.
188,Fashion,Local consumer blue move.
189,Home Decor,Protect lose behavior rise question politics billion.
190,Sports & Outdoors,Heavy about hot become sea option.
191,Books & Stationery,Sport the when student win.
192,Health & Beauty,Rich history relate visit body region pattern.
193,Electronics,Stage speech month where image to.
194,Fashion,Others toward us adult Democrat.
195,Toys & Games,Long professor nothing.
196,Sports & Outdoors,South executive bit less day now such wife.
197,Toys & Games,Social five arm author eye vote.
198,Electronics,Later six prevent only notice.
199,Fashion,Tell this onto billion oil agency.
200,Sports & Outdoors,Hour value adult interest others trade within natural.
201,Electronics,Strong recently song chance.
202,Groceries,Ready world history town player final theory common.
203,Health & Beauty,Business marriage garden simple evidence least.
204,Home Decor,Step down state so close return.
205,Books & Stationery,Into prevent nearly must particularly far.
206,Fashion,Science his above until game president message.
207,Electronics,Fight sell partner old.
208,Toys & Games,Most open goal suffer.
209,Automotive,Detail research back.
210,Toys & Games,Movement per realize particular maybe seem officer.
211,Books & Stationery,Raise hit significant.
212,Sports & Outdoors,Surface maybe interview space commercial candidate item.
213,Electronics,Live suggest answer perhaps name follow.
214,Fashion,Cover cause growth stage computer tree.
215,Home Decor,Teacher image push week doctor.
216,Books & Stationery,Small fund suffer stay benefit visit.
217,Sports & Outdoors,Both everyone left official compare eight degree.
218,Kitchen Appliances,Collection feeling early agree character kitchen.
219,Groceries,Hope tree guy painting reveal budget research mother.
220,Automotive,Partner front allow environmental.
221,Home Decor,Follow knowledge activity we fine.
222,Health & Beauty,Computer want south increase her into should.
223,Sports & Outdoors,Wide garden however.
224,Health & Beauty,Security smile read usually large coach brother.
225,Electronics,Rich mean ever despite girl tell notice.
226,Groceries,Magazine culture song.
227,Sports & Outdoors,Along different station upon ball.
228,Automotive,Far mean instead sell side.
229,Health & Beauty,Almost some believe month respond industry more.
230,Groceries,Choice late letter girl where stop.
231,Groceries,Determine again agreement.
232,Groceries,Even any some woman.
233,Kitchen Appliances,Suggest account have smile increase quality.
234,Sports & Outdoors,Mouth close anyone huge trade coach bag.
235,Fashion,Her common red add.
236,Books & Stationery,Material color their.
237,Books & Stationery,There American customer admit affect throughout call.
238,Health & Beauty,Picture suggest back serious without write history.
239,Groceries,Democratic resource reach treat very.
240,Books & Stationery,Congress key more wife.
241,Automotive,Break stop majority.
242,Books & Stationery,Pass again radio.
243,Health & Beauty,Guess most good source little mouth.
244,Sports & Outdoors,Visit throughout science pretty news month sure skill.
245,Electronics,Even they particular community above anything think.
246,Groceries,Teach seek investment use glass.
247,Fashion,Our majority single support since.
248,Fashion,Of guess pretty long reflect knowledge.
249,Kitchen Appliances,Discussion within account trouble sign indicate threat.
250,Books & Stationery,Agreement record heavy seek the sea speech painting.
251,Sports & Outdoors,Great ahead daughter force.
252,Toys & Games,Daughter throw image talk skill whose family.
253,Home Decor,Local under there.
254,Groceries,Plant ever fast college sit.
255,Groceries,Guy reason be meeting.
256,Electronics,Its voice build key second before.
257,Home Decor,Pay hair agency health brother natural accept.
258,Health & Beauty,Speak design economic political still.
259,Sports & Outdoors,Begin available child church.
260,Fashion,Spring what out short machine generation enter.
261,Fashion,Where join go leg phone then.
262,Toys & Games,Itself other reason form.
263,Health & Beauty,Answer manager end too.
264,Kitchen Appliances,For teacher occur particular early rate yard.
265,Sports & Outdoors,As first a nearly nice.
266,Health & Beauty,Case somebody him occur impact factor.
267,Fashion,Employee ground financial subject air.
268,Groceries,Maybe year question bar.
269,Fashion,Professor maybe detail do really image magazine.
270,Home Decor,Very former media sister beyond sport lot.
271,Home Decor,Whether ability throw third drive foreign.
272,Toys & Games,Color skill ability shake through open discussion.
273,Home Decor,Brother card thus.
274,Home Decor,Write and catch adult.
275,Toys & Games,Realize hope a lot prove art political.
276,Sports & Outdoors,Key hit work actually.
277,Home Decor,Likely speech according name another.
278,Electronics,Will night executive return.
279,Toys & Games,Would student most majority his school.
280,Sports & Outdoors,Can understand thus sign letter every performance tough.
281,Electronics,Read when hotel increase attack send.
282,Books & Stationery,Under television international our off stand tend.
283,Groceries,Form right class cell government how.
284,Automotive,Manage pay he trial ok him pretty.
285,Kitchen Appliances,Great impact any arm responsibility.
286,Kitchen Appliances,Carry crime affect wall Mrs north company figure.
287,Automotive,Physical seven tax answer land.
288,Toys & Games,Financial down movement most mind central low.
289,Groceries,Represent method have animal.
290,Sports & Outdoors,Hospital necessary walk.
291,Electronics,Way approach training.
292,Books & Stationery,Yourself office certainly before can.
293,Groceries,Well investment remember material though finally.
294,Health & Beauty,Many more indeed hotel series skill bar.
295,Electronics,Idea skin give computer.
296,Health & Beauty,Rise street gas part same truth final those.
297,Electronics,Cost finish bad parent affect animal just her.
298,Electronics,Present determine art institution month interest.
299,Sports & Outdoors,Occur rate base product force fast.
300,Automotive,Large message tell.
301,Kitchen Appliances,Teach discussion pattern stuff.
302,Fashion,Full middle tend.
303,Sports & Outdoors,Produce parent draw clearly happy power.
304,Fashion,Theory meeting institution.
305,Electronics,Meet discuss speech whether.
306,Fashion,Surface technology read here.
307,Electronics,We hear receive.
308,Books & Stationery,Contain young to national.
309,Electronics,Radio sound them lose blood ability few.
310,Toys & Games,Page reason foot dinner cut live value owner.
311,Books & Stationery,Your human benefit during including school court.
312,Fashion,Learn young western live.
313,Sports & Outdoors,Thus test reduce go.
314,Fashion,Century community question cover smile paper thing.
315,Kitchen Appliances,Available wrong meeting follow fight speak fish.
316,Automotive,Agent focus trade election consider.
317,Toys & Games,Ahead if expect human carry check present.
318,Kitchen Appliances,News close whom may reach bad approach.
319,Health & Beauty,Book hand father want collection.
320,Books & Stationery,Pick world other every write.
321,Groceries,Us bed feel way build likely billion join.
322,Sports & Outdoors,Identify entire few.
323,Toys & Games,Including enough should industry parent serious.
324,Fashion,Read down whether wish on morning law.
325,Toys & Games,Of customer born dark.
326,Electronics,Team hour war season page.
327,Home Decor,Table require sign environmental say two.
328,Books & Stationery,Or safe degree card where we figure certainly.
329,Health & Beauty,Could be indeed.
330,Books & Stationery,Investment commercial chair amount long whom prove.
331,Health & Beauty,Industry never stuff notice.
332,Electronics,Democratic environmental cup watch group pull decade say.
333,Home Decor,Newspaper ok now pressure.
334,Fashion,Truth sell local.
335,Toys & Games,Church language lose position policy.
336,Toys & Games,History rise speak yard name challenge question.
337,Books & Stationery,Should group Mrs win yourself along.
338,Home Decor,Draw bank international door well weight.
339,Health & Beauty,Different cover popular firm reflect.
340,Health & Beauty,Like serious determine with pass present different woman.
341,Kitchen Appliances,Girl middle when special walk floor door.
342,Books & Stationery,Wide crime art pick five detail.
343,Health & Beauty,Deep hold no Mrs concern night.
344,Fashion,Table recognize vote process once group economic.
345,Health & Beauty,Defense investment at image evening training buy thus.
346,Home Decor,Situation simple start yes budget heavy church.
347,Groceries,Game spring own behind have work affect.
348,Kitchen Appliances,Evening agency to statement food choose society mind.
349,Home Decor,Reduce specific institution safe.
350,Electronics,Big why item billion information learn.
351,Fashion,Movie present wife over.
352,Sports & Outdoors,Beyond follow activity real many sure break special.
353,Sports & Outdoors,Yard drop condition time car.
354,Health & Beauty,Behavior town cell standard.
355,Kitchen Appliances,City doctor change where some least.
356,Sports & Outdoors,Sea visit young fact talk rate.
357,Kitchen Appliances,Industry already issue future sea.
358,Electronics,Instead response court thank type play.
359,Fashion,Budget special opportunity upon body up painting.
360,Sports & Outdoors,News season hair management member today sure reveal.
361,Kitchen Appliances,Health billion message course.
362,Books & Stationery,Can wrong mouth room.
363,Toys & Games,Happy safe consider become red.
364,Sports & Outdoors,Without media fire local sound positive.
365,Books & Stationery,Possible measure town nearly.
366,Sports & Outdoors,Term office here too tough serious.
367,Books & Stationery,International else word floor word approach own.
368,Electronics,Throw where common few school.
369,Groceries,Near share organization finally out.
370,Automotive,Chair order heart their.
371,Home Decor,Picture seven itself wife risk artist laugh.
372,Electronics,Own statement feel debate why.
373,Sports & Outdoors,Middle quickly none east high.
374,Automotive,Natural establish room mean.
375,Home Decor,Student now reach body support once where.
376,Home Decor,Front recently American police care Democrat most fly.
377,Automotive,Stand respond court down husband hold quickly.
378,Groceries,Process check door summer student rest total.
379,Kitchen Appliances,Owner its player project similar community fall gas.
380,Fashion,Us total gun wear provide.
381,Groceries,Structure us cause evening show.
382,Sports & Outdoors,Indeed close stop better page in.
383,Fashion,Well support offer nature.
384,Fashion,Candidate single then.
385,Electronics,Tree fact argue international.
386,Toys & Games,Religious night including ready she believe number.
387,Health & Beauty,Local brother system sing still role no.
388,Toys & Games,Act someone pay science common maintain present under.
389,Toys & Games,Fish determine and democratic pass.
390,Automotive,Table step apply voice experience which environmental.
391,Kitchen Appliances,Memory down choose weight trip meet option.
392,Toys & Games,Ok Republican unit population evidence.
393,Sports & Outdoors,Book power increase.
394,Home Decor,Pattern Congress notice view technology action very.
395,Toys & Games,Include stock woman.
396,Groceries,Tv choose hour focus.
397,Books & Stationery,Player set phone.
398,Health & Beauty,Beyond benefit throw stock theory.
399,Health & Beauty,Resource war stuff foreign.
400,Toys & Games,Rate take agent.
401,Sports & Outdoors,Actually herself agent employee leader.
402,Automotive,Model why night affect.
403,Health & Beauty,Special reason affect behind everything main.
404,Books & Stationery,Fine professor well serious discussion summer attack.
405,Toys & Games,Second save staff next sing suddenly meeting mission.
406,Fashion,Everyone worry level talk.
407,Groceries,Medical assume behavior.
408,Groceries,Across law reach model about.
409,Home Decor,Return air beyond recently direction writer.
410,Automotive,Simply people major bit stand style.
411,Sports & Outdoors,Left bank of herself provide.
412,Health & Beauty,To concern account maintain.
413,Sports & Outdoors,Use night themselves debate debate yourself.
414,Fashion,Or capital whose because.
415,Home Decor,Have list education home his top half.
416,Toys & Games,Professor ground face rule.
417,Health & Beauty,Kitchen test brother leader official morning doctor music.
418,Toys & Games,Another firm ground very course.
419,Sports & Outdoors,Run heavy win minute include.
420,Home Decor,Deal usually guy decade.
421,Groceries,Place fill provide church agree political buy hotel.
422,Home Decor,Economy effort explain data.
423,Sports & Outdoors,Artist job test more western card.
424,Kitchen Appliances,Effect fine detail stand body.
425,Sports & Outdoors,Under than ask realize.
426,Sports & Outdoors,Yourself certainly together firm tree.
427,Sports & Outdoors,Watch than buy stop.
428,Home Decor,Executive establish room those end establish.
429,Electronics,Blue I similar fill grow bill article.
430,Kitchen Appliances,Exist avoid price and cell.
431,Electronics,Every trouble physical view move administration subject.
432,Books & Stationery,Eight teach long open always win.
433,Toys & Games,Answer phone oil provide this attention collection especially.
434,Sports & Outdoors,Least occur magazine open itself you one.
435,Home Decor,Usually modern table should company.
436,Home Decor,Keep win trip people vote production.
437,Home Decor,Congress my foot throw apply face morning.
438,Automotive,Share attorney prevent stay stay task commercial.
439,Kitchen Appliances,Several rise itself ball more.
440,Toys & Games,Idea city couple win item force clear others.
441,Health & Beauty,Democratic scientist professor industry machine.
442,Books & Stationery,Whole author cost his.
443,Home Decor,Concern question deal citizen close oil ten effort.
444,Books & Stationery,Top expect cause public audience nor lay.
445,Electronics,Alone wonder price guy.
446,Toys & Games,Without visit which budget.
447,Sports & Outdoors,How somebody wife six.
448,Sports & Outdoors,She last follow project born information.
449,Home Decor,Carry let war civil.
450,Fashion,Expert these all character woman total.
451,Automotive,Stop list nor source social property west decide.
452,Books & Stationery,Around above plant student.
453,Kitchen Appliances,Wear field consider today compare.
454,Sports & Outdoors,Find majority fast nature foreign together.
455,Groceries,Year him stand fish fish magazine matter.
456,Toys & Games,School beyond authority region fact leave from.
457,Sports & Outdoors,Market score tend because picture professional.
458,Health & Beauty,Forward find arm product turn without.
459,Books & Stationery,Wear such itself hit red charge serve interesting.
460,Groceries,Statement money style.
461,Fashion,Admit strong fall step drop race business though.
462,Toys & Games,Yeah become however fly.
463,Automotive,Together seven draw continue wait able own.
464,Books & Stationery,Property power reveal.
465,Toys & Games,Could manager require will.
466,Electronics,Lot new which process night themselves unit rather.
467,Home Decor,Low same central brother.
468,Health & Beauty,End window choice sea.
469,Automotive,Pressure statement should worry ten firm suffer.
470,Sports & Outdoors,Either view character some.
471,Health & Beauty,Find goal herself cultural eat image course.
472,Electronics,Would institution less simple box room.
473,Fashion,Available similar national hospital choose gun.
474,Toys & Games,Lead project likely piece.
475,Sports & Outdoors,Brother office form suffer never responsibility.
476,Books & Stationery,Or store of outside.
477,Health & Beauty,Role force study several foot whole all.
478,Sports & Outdoors,Between represent six your main factor.
479,Health & Beauty,Research total hear everything program in.
480,Books & Stationery,Term everything food meet source hope true wrong.
481,Home Decor,Share next change upon cause.
482,Fashion,Politics test never generation.
483,Fashion,Kitchen certainly fall should author subject.
484,Kitchen Appliances,Happen mother bit require fly professor.
485,Books & Stationery,Impact citizen lay option if road red.
486,Groceries,Rich change check.
487,Home Decor,Full ten know voice.
488,Toys & Games,Miss amount like phone response weight.
489,Sports & Outdoors,Forward dream cost consider keep.
490,Groceries,Structure quality treatment sense area believe what.
491,Books & Stationery,In smile under memory music current.
492,Fashion,Kind firm nothing walk either experience.
493,Electronics,See coach bill small system.
494,Books & Stationery,Choose project reduce see wind practice environment.
495,Fashion,When century born decision TV citizen argue political.
496,Home Decor,Method society show material.
497,Home Decor,Table forget draw various particularly answer.
498,Toys & Games,Keep medical left list hot give.
499,Automotive,Machine available data.
500,Fashion,Local establish agency individual again officer.
501,Books & Stationery,Wind interest weight thought.
502,Books & Stationery,Term white option expect can.
503,Groceries,Factor station letter yes.
504,Home Decor,Near of theory last officer develop.
505,Home Decor,Religious agree add themselves fine answer spring.
506,Groceries,Almost product smile between take suddenly develop campaign.
507,Kitchen Appliances,Suggest method help very sport official relate nice.
508,Groceries,Part from model.
509,Books & Stationery,Hospital second author party sport especially defense.
510,Toys & Games,Bit on court.
511,Toys & Games,Say pressure that day discussion.
512,Electronics,East several listen prove.
513,Toys & Games,Family discover hundred.
514,Books & Stationery,Pull garden moment commercial simply top human.
515,Automotive,Account also player down new.
516,Automotive,Kitchen left level message role become.
517,Electronics,Student buy course big.
518,Books & Stationery,Apply reflect figure itself activity professional worry.
519,Electronics,Something hotel let camera second artist music already.
520,Automotive,Yeah want article green wonder.
521,Toys & Games,Language role local after.
522,Automotive,Him else past condition.
523,Health & Beauty,Part also receive option local exist have.
524,Books & Stationery,Politics among them real loss indeed.
525,Electronics,Use open organization mother season.
526,Kitchen Appliances,Continue yourself responsibility ask fish then.
527,Books & Stationery,Training recent guess turn.
528,Home Decor,Real those positive may.
529,Health & Beauty,Go eight decade fear individual physical bill.
530,Fashion,Beat science professional water.
531,Automotive,Simply both read with though several authority.
532,Electronics,Drug onto Mr recently.
533,Books & Stationery,Magazine what finish set that.
534,Electronics,None into who heavy agree growth economy.
535,Automotive,Spend director here blood view southern do.
536,Toys & Games,Writer despite current visit table small gun.
537,Kitchen Appliances,Opportunity doctor enter could second process heavy.
538,Health & Beauty,Child name ability risk help age.
539,Health & Beauty,Movie study store popular party simple.
540,Electronics,Manage material which care.
541,Kitchen Appliances,Ok generation evening age crime clearly better the.
542,Fashion,Use around address treat road especially community system.
543,Automotive,Election deal story offer necessary only.
544,Toys & Games,East upon book let.
545,Health & Beauty,Air assume nature actually.
546,Health & Beauty,Voice produce make reach must.
547,Groceries,Unit personal case business throw bed.
548,Electronics,But democratic fire either design also some growth.
549,Health & Beauty,Class medical simply forget black collection task easy.
550,Books & Stationery,But would guy should into painting.
551,Kitchen Appliances,Although arrive yes top nothing rich area.
552,Books & Stationery,Maybe wife phone bad ahead station.
553,Automotive,Many few smile near yard low.
554,Groceries,Write attorney glass benefit radio.
555,Kitchen Appliances,Occur poor all year environment performance training.
556,Automotive,Serve eye hope indicate.
557,Health & Beauty,They white loss seven.
558,Health & Beauty,Much writer realize ago no go success instead.
559,Automotive,Study change government with sign.
560,Groceries,Development strong health about note institution course.
561,Electronics,Official value ever job activity suggest.
562,Automotive,Exist white catch.
563,Sports & Outdoors,Ready region four must oil door as sound.
564,Sports & Outdoors,Or sister several necessary.
565,Kitchen Appliances,City amount also head act finish manager project.
566,Health & Beauty,Card family wrong step argue yourself democratic.
567,Groceries,Crime far up.
568,Health & Beauty,Less ground visit radio car mother turn bill.
569,Books & Stationery,Her long fill song pretty clear.
570,Sports & Outdoors,Whether give wind benefit trouble.
571,Sports & Outdoors,View research report follow detail thought instead.
572,Kitchen Appliances,Success child career skin.
573,Home Decor,Able it police.
574,Home Decor,Including company born star well almost.
575,Automotive,Action two throw evidence.
576,Automotive,Class rule close necessary arrive.
577,Groceries,Everyone product environmental.
578,Groceries,Station not whole condition.
579,Books & Stationery,Future less population when such blue teacher.
580,Health & Beauty,Box part task reveal however across.
581,Groceries,May indeed agree involve film wear pull.
582,Groceries,Economic see watch pull.
583,Toys & Games,Others despite process fly I.
584,Health & Beauty,Article month any civil recognize meeting off.
585,Toys & Games,Memory section thousand school machine.
586,Fashion,Bit value everybody father.
587,Health & Beauty,Include past industry glass hair door yeah.
588,Electronics,Activity leader war at less cause.
589,Sports & Outdoors,Billion allow answer too.
590,Fashion,Heart general customer boy ability movement.
591,Toys & Games,Large night create eat responsibility might.
592,Health & Beauty,Must firm dinner build similar turn.
593,Fashion,East paper well front put enjoy.
594,Kitchen Appliances,Prevent each on white even.
595,Health & Beauty,Four mother forward eat.
596,Health & Beauty,World no you lot entire land policy.
597,Automotive,Because partner strategy including western consider determine.
598,Sports & Outdoors,Red change their safe line news.
599,Toys & Games,Majority market else our federal.
600,Books & Stationery,Be ahead decide alone.
601,Health & Beauty,Side late although agreement seek season poor.
602,Health & Beauty,Understand police allow speak leg day.
603,Health & Beauty,Price around deep respond not piece various.
604,Health & Beauty,Such defense her direction no reason suffer.
605,Home Decor,More foot sometimes animal.
606,Groceries,Middle gas prepare order water hear energy.
607,Automotive,Explain use character final.
608,Home Decor,Reach floor they.
609,Fashion,Beautiful too away make human.
610,Books & Stationery,Ago need court sort approach.
611,Health & Beauty,General exactly guess operation affect thank southern relationship.
612,Books & Stationery,Interesting indicate become air.
613,Books & Stationery,Build both memory debate.
614,Sports & Outdoors,Herself in development.
615,Groceries,Feel use nearly thought.
616,Kitchen Appliances,Guess born condition nothing onto in special.
617,Groceries,Character still hand main force.
618,Groceries,System may cell necessary anyone indicate.
619,Home Decor,Difference participant modern stand.
620,Groceries,Store Republican until become brother other.
621,Toys & Games,Worker law miss program range region take.
622,Automotive,Yet tree offer discussion minute physical.
623,Kitchen Appliances,Stuff often pass pressure reason reveal catch.
624,Fashion,Shake face color onto.
625,Home Decor,By support never green new.
626,Fashion,Imagine attorney determine collection meeting gun property.
627,Health & Beauty,Official do once forward generation raise commercial.
628,Home Decor,Evidence travel state with participant food choose.
629,Fashion,Picture at represent find.
630,Health & Beauty,Way study use beyond.
631,Groceries,Benefit finish best series painting here teacher.
632,Toys & Games,Reduce tend among return.
633,Automotive,Nation major identify.
634,Groceries,Ask amount black painting step church glass.
635,Sports & Outdoors,Political sure model improve technology country from.
636,Electronics,Range performance computer.
637,Toys & Games,Successful and listen model radio month.
638,Kitchen Appliances,Yes short house vote inside couple.
639,Groceries,Blue rest land would.
640,Electronics,Hotel although throw camera then teacher.
641,Groceries,Campaign police herself.
642,Home Decor,Reflect responsibility goal agency wear.
643,Toys & Games,Why trouble any policy design.
644,Books & Stationery,Two throw hospital various by anyone.
645,Health & Beauty,Try region church firm more environment glass century.
646,Fashion,Boy me carry suddenly mean.
647,Kitchen Appliances,Discover throughout student must major keep.
648,Home Decor,Reveal Congress red argue course.
649,Home Decor,Cover if generation live.
650,Kitchen Appliances,Trade professor national option kind.
651,Electronics,Shoulder good that third audience simply difference.
652,Fashion,Try this southern.
653,Books & Stationery,Job you the describe.
654,Electronics,Key evening process nearly.
655,Books & Stationery,Eat one view deep meet already.
656,Books & Stationery,War court forget.
657,Sports & Outdoors,Perhaps government country.
658,Automotive,Them act under suffer.
659,Kitchen Appliances,Republican major wind who.
660,Sports & Outdoors,Admit wrong issue surface.
661,Fashion,Throw often soldier item wish wind.
662,Electronics,Even others like effect college foot section himself.
663,Electronics,Woman card feeling discuss turn.
664,Health & Beauty,Child garden others financial modern.
665,Health & Beauty,Yeah home yard item me some set.
666,Books & Stationery,Action like film.
667,Groceries,Apply book customer parent itself.
668,Automotive,Per level he.
669,Sports & Outdoors,National suddenly network debate thousand school toward.
670,Books & Stationery,Wind truth house scene unit five.
671,Books & Stationery,Kitchen above describe time product finally.
672,Toys & Games,Alone this last husband reflect right energy.
673,Home Decor,Win federal out choose together couple.
674,Kitchen Appliances,Money million feeling fine carry remain wall.
675,Toys & Games,Executive throw act base claim yes significant.
676,Fashion,Apply computer rich.
677,Automotive,One shoulder more use federal simply cover once.
678,Groceries,Put face probably country.
679,Groceries,Also after discussion particularly act contain.
680,Sports & Outdoors,Then coach difficult just.
681,Kitchen Appliances,Black avoid yard front him politics magazine particular.
682,Toys & Games,Region issue party official get then.
683,Groceries,Investment my prove most central week source.
684,Home Decor,Offer focus cut something Mr total particularly.
685,Sports & Outdoors,Out build life several weight tell hold space.
686,Groceries,Southern turn space provide.
687,Health & Beauty,Seven turn financial.
688,Toys & Games,People across expect many no.
689,Automotive,Notice no garden exactly.
690,Automotive,Forget difficult fear onto production itself staff pass.
691,Groceries,Size phone very what.
692,Kitchen Appliances,Successful win join pull possible cover agent.
693,Toys & Games,South standard box federal.
694,Electronics,Know soon although prevent.
695,Health & Beauty,Grow his son kitchen yourself.
696,Groceries,Ground might growth somebody color.
697,Electronics,Bar to lot century voice color red ok.
698,Automotive,Suddenly according describe really official throw.
699,Books & Stationery,Everybody talk size letter special do help.
700,Sports & Outdoors,Meet care their forward quality sense scene action.
701,Automotive,Blood enter character.
702,Sports & Outdoors,Ago pay skill almost tax.
703,Electronics,Play ground design.
704,Home Decor,Often should agency space.
705,Sports & Outdoors,Notice into leg American heart.
706,Sports & Outdoors,Investment fill food class reduce too.
707,Toys & Games,Road relate business keep husband.
708,Health & Beauty,Rest culture meet look take suffer apply clear.
709,Home Decor,War free great from but.
710,Fashion,Investment factor moment couple various character just.
711,Health & Beauty,Modern eight kid face return challenge.
712,Sports & Outdoors,Argue cover story over home rich.
713,Books & Stationery,It surface particular whose write model.
714,Toys & Games,Others place east team.
715,Electronics,Protect operation practice story role drug opportunity.
716,Books & Stationery,Accept control citizen draw.
717,Kitchen Appliances,Imagine outside generation pretty condition you lead.
718,Toys & Games,Pressure tax miss rule side fill quite.
719,Automotive,Baby make box customer available.
720,Health & Beauty,May as worry picture us never job.
721,Electronics,Sign per offer focus attorney act indeed.
722,Fashion,Impact letter think hair build real various.
723,Books & Stationery,Without possible identify.
724,Kitchen Appliances,Rather front particularly cause.
725,Kitchen Appliances,Around or not know.
726,Toys & Games,Forget those water cold notice idea attention.
727,Kitchen Appliances,Wonder girl young whose rather night.
728,Fashion,Choice important whole item rate paper report.
729,Home Decor,Significant number site our successful open knowledge.
730,Toys & Games,Much green air fish rule.
731,Fashion,Item campaign skin herself dark.
732,Electronics,South store know study.
733,Home Decor,Natural family next.
734,Home Decor,Significant wind before describe.
735,Fashion,Media ever employee he day.
736,Electronics,Why reflect once myself economy rise point.
737,Home Decor,On should camera certain miss community someone guy.
738,Sports & Outdoors,Money others impact vote.
739,Kitchen Appliances,Consider head hot.
740,Sports & Outdoors,Raise dinner sense natural long heart.
741,Electronics,Democrat use other society pretty economic.
742,Electronics,Player inside court camera evidence million.
743,Automotive,Tend knowledge range mind coach.
744,Automotive,Discuss during whole modern develop.
745,Fashion,Man scientist left build author break treat.
746,Groceries,Oil find our some between play great.
747,Toys & Games,Month deep serious.
748,Fashion,We choose place maintain should relate there.
749,Toys & Games,Authority food ago.
750,Toys & Games,Knowledge part dinner agreement.
751,Books & Stationery,Against list artist cultural.
752,Health & Beauty,Ready forward level.
753,Home Decor,According month lose employee.
754,Health & Beauty,Center east threat government meet magazine.
755,Health & Beauty,Establish size exist far.
756,Kitchen Appliances,State ten one fast maybe.
757,Health & Beauty,Event positive information watch same event arm.
758,Fashion,Pretty air seven assume story personal power.
759,Kitchen Appliances,Store current already indeed meet law.
760,Sports & Outdoors,Against house cup issue respond.
761,Home Decor,Method role once appear phone especially industry.
762,Groceries,Attention way agent understand simple short go.
763,Health & Beauty,Design great agency far American someone hope.
764,Automotive,Medical marriage suggest without majority possible.
765,Toys & Games,Sometimes trouble area agree community blood source.
766,Health & Beauty,Institution rather rate evidence.
767,Automotive,But company well keep.
768,Electronics,Fish tree talk page.
769,Sports & Outdoors,Yard own dark feeling want.
770,Home Decor,Whom project allow able second buy attack.
771,Kitchen Appliances,Poor off still member hand simple.
772,Groceries,Painting certain believe price simple paper.
773,Sports & Outdoors,Audience on theory whatever whether someone protect.
774,Home Decor,Trial store assume energy beautiful security well.
775,Toys & Games,Movie decade box majority hour begin quite.
776,Kitchen Appliances,Crime face threat argue.
777,Groceries,Physical nearly seven.
778,Sports & Outdoors,Any per thousand agent yourself especially.
779,Automotive,Painting material seat admit growth live.
780,Books & Stationery,Discussion so pattern why onto everybody write.
781,Electronics,Former lead machine whether account none end.
782,Fashion,Store turn draw strategy station start shake.
783,Health & Beauty,All medical under support.
784,Fashion,Before foreign service service already.
785,Electronics,Step top experience image human.
786,Kitchen Appliances,Throw child audience challenge.
787,Sports & Outdoors,Officer white list write.
788,Automotive,Discover such fine movement.
789,Kitchen Appliances,Believe them audience structure.
790,Sports & Outdoors,Executive bad medical.
791,Sports & Outdoors,Likely set ok institution quite per again.
792,Electronics,Hear guy wait just.
793,Fashion,Local newspaper bring treatment although.
794,Sports & Outdoors,Speak according both position.
795,Electronics,Develop modern bank film attorney today life you.
796,Books & Stationery,Offer themselves art herself best again.
797,Electronics,Tv drug thought stop until Mrs strong.
798,Books & Stationery,Customer lead would shake.
799,Health & Beauty,Investment each across somebody cultural few.
800,Kitchen Appliances,Trial land sea lawyer mouth different.
801,Automotive,Rest former third theory table candidate free.
802,Books & Stationery,Debate writer matter just.
803,Home Decor,Though point image network.
804,Automotive,Wind huge star nation sister.
805,Books & Stationery,Final past dark this public church wear.
806,Kitchen Appliances,Always another with current image significant grow he.
807,Toys & Games,Place will rich thus page heart claim president.
808,Fashion,Security agent cell between year.
809,Fashion,Close hold education.
810,Toys & Games,Free situation suggest arrive side audience himself.
811,Home Decor,Player low whole science head.
812,Sports & Outdoors,Institution recent seat his on.
813,Groceries,History race machine get including standard last.
814,Fashion,Past really people.
815,Electronics,Exist year a accept president value manager.
816,Toys & Games,Level own part decision book buy course experience.
817,Automotive,Painting specific thus ready stock kitchen.
818,Kitchen Appliances,Change issue its she.
819,Electronics,Participant employee meet chance whether billion again.
820,Electronics,Account for once leader two start.
821,Electronics,Hot air media personal.
822,Automotive,Later news probably kid article.
823,Electronics,Win ten course community maintain.
824,Kitchen Appliances,Shoulder mission fill think law rule entire.
825,Health & Beauty,Serve current growth arm collection subject maybe.
826,Groceries,Visit someone feel.
827,Automotive,Actually miss prove phone throw national century.
828,Groceries,Place game role message hair.
829,Toys & Games,Attorney around most science us.
830,Books & Stationery,Mr practice floor day direction manager.
831,Electronics,Know relate sister pay budget.
832,Books & Stationery,Good air set pass its thus claim.
833,Fashion,Its boy never bar message whom.
834,Fashion,Particularly evidence once front note.
835,Sports & Outdoors,Party itself truth country buy.
836,Groceries,Need send page I.
837,Sports & Outdoors,Indicate pay food government effort market coach.
838,Home Decor,Agree final option keep region whole past suddenly.
839,Groceries,Nice fine financial sense finally tough.
840,Fashion,Company exist base image certain.
841,Books & Stationery,According view trade professional say new.
842,Sports & Outdoors,Bag physical over discussion test.
843,Home Decor,Effort today focus hair.
844,Kitchen Appliances,Work our than.
845,Toys & Games,However difficult another follow.
846,Health & Beauty,Cause special situation ok project ahead grow.
847,Toys & Games,You ahead trial sometimes.
848,Groceries,Else vote it off when sound heart.
849,Groceries,Maintain movie sea music.
850,Home Decor,Bed particular sea civil professor yourself meet.
851,Automotive,The but same hold group half catch.
852,Kitchen Appliances,Himself defense education nature run development have.
853,Home Decor,Strategy sign new financial box artist many.
854,Health & Beauty,Fight three different board hope prevent before.
855,Kitchen Appliances,Defense improve sure.
856,Toys & Games,Cost second course onto many minute challenge evidence.
857,Fashion,Join relate class magazine bar.
858,Electronics,Partner continue sea one which which themselves.
859,Kitchen Appliances,Reflect these compare away rather north note music.
860,Toys & Games,Note this Mr truth name decision.
861,Groceries,Research reality drop.
862,Groceries,Them Congress force.
863,Toys & Games,Listen many consumer.
864,Books & Stationery,Difficult part notice open sister trouble loss model.
865,Automotive,Site contain might country suddenly.
866,Fashion,Detail wear card American section day.
867,Sports & Outdoors,According vote each enjoy.
868,Sports & Outdoors,Speech across hope accept evidence.
869,Fashion,Story support course produce.
870,Books & Stationery,Enjoy blood increase start various party front.
871,Kitchen Appliances,Begin fight people stop already good top.
872,Books & Stationery,Strong special president capital personal involve.
873,Electronics,Perhaps cultural loss office enter.
874,Books & Stationery,Any work thus writer full scene.
875,Fashion,Set itself place weight last increase.
876,Kitchen Appliances,Practice agent turn.
877,Sports & Outdoors,May every seek some group amount population parent.
878,Home Decor,Memory carry traditional.
879,Kitchen Appliances,Officer population heart.
880,Sports & Outdoors,Start purpose per enter certainly them cost.
881,Fashion,Lead hit maintain compare north really.
882,Groceries,Organization number shake produce left wait.
883,Home Decor,Tough create must standard trial ground attorney.
884,Electronics,Can once present.
885,Sports & Outdoors,Standard region into hope senior us.
886,Fashion,Society of yeah himself.
887,Home Decor,Social color according send data around late safe.
888,Health & Beauty,Newspaper raise important ahead street.
889,Health & Beauty,Office first situation street cut.
890,Electronics,Unit down expert loss.
891,Fashion,Mother order possible difficult.
892,Home Decor,Mr heavy amount hospital.
893,Fashion,Star talk even billion already short know.
894,Health & Beauty,Cost good letter lot continue.
895,Books & Stationery,Personal manager beat account.
896,Books & Stationery,Middle compare none hour final group political.
897,Home Decor,Me rate owner purpose successful environment.
898,Home Decor,Often mind old.
899,Health & Beauty,Church born walk usually.
900,Groceries,Do lead line according people recognize.
901,Home Decor,Seem environmental between people itself mind wind.
902,Fashion,Before deep behind.
903,Books & Stationery,Series four control recent term necessary investment baby.
904,Health & Beauty,Way meet rich left concern suddenly season.
905,Toys & Games,Provide church perhaps relationship.
906,Home Decor,Four fine back style.
907,Books & Stationery,Coach whole note main at sell.
908,Health & Beauty,Inside art rate reality cultural number relationship.
909,Automotive,Left between can send.
910,Automotive,Ok various offer eat option model.
911,Health & Beauty,Drop forward newspaper within economy act however.
912,Groceries,His certain baby know relate statement big.
913,Books & Stationery,Back alone century report large.
914,Health & Beauty,Herself material wear job nearly great.
915,Sports & Outdoors,Choice activity risk professor coach safe.
916,Books & Stationery,Detail change spend believe lay she today drug.
917,Fashion,Run lot source test significant skin smile.
918,Books & Stationery,Beyond fly debate chair year country office step.
919,Health & Beauty,Because large a.
920,Toys & Games,Tough budget way attorney member onto box though.
921,Toys & Games,Decade perhaps later interesting cell name look.
922,Kitchen Appliances,Feel southern wrong argue box detail.
923,Home Decor,Hand industry create town effect ten discuss.
924,Electronics,I discuss others.
925,Health & Beauty,Political word north culture poor never must.
926,Toys & Games,Establish create involve.
927,Kitchen Appliances,Nor bag today.
928,Fashion,Statement point different table simply indicate focus.
929,Sports & Outdoors,Carry system interesting fall dream point me consider.
930,Sports & Outdoors,Edge about figure key.
931,Books & Stationery,Painting several compare nor main.
932,Sports & Outdoors,Play wind that protect perhaps.
933,Books & Stationery,Discussion population maintain short.
934,Health & Beauty,Before four fire suggest maybe like.
935,Health & Beauty,My skin cold level five exist.
936,Health & Beauty,Increase finally collection while power.
937,Sports & Outdoors,Character manage risk possible people base.
938,Toys & Games,Sister real member stock serious police memory.
939,Home Decor,Pay training once.
940,Automotive,Gas account serve happy.
941,Home Decor,End less myself money should.
942,Health & Beauty,Pull similar our ahead so.
943,Automotive,Husband together newspaper argue three body line.
944,Automotive,Month PM support well.
945,Home Decor,Social size almost get hit cultural.
946,Health & Beauty,Factor majority mother apply material do factor.
947,Electronics,Whether mission size wide future mind while.
948,Books & Stationery,Should art when baby.
949,Automotive,Hit give model including.
950,Groceries,Approach generation yourself put.
951,Automotive,Suffer girl fire next two lawyer later.
952,Toys & Games,Stand able record down time policy dinner.
953,Groceries,East just may main close three discover figure.
954,Kitchen Appliances,Something plant shake consumer century main.
955,Health & Beauty,Media history movie.
956,Health & Beauty,Practice central thing money action focus agent.
957,Kitchen Appliances,Audience painting laugh.
958,Kitchen Appliances,Around arrive important thing now research.
959,Electronics,Few year individual home.
960,Kitchen Appliances,Care oil hospital almost of.
961,Toys & Games,Certain into surface program.
962,Groceries,Base draw pick agree agency.
963,Kitchen Appliances,Season quality born sort.
964,Automotive,Baby film hundred the another never crime.
965,Automotive,Buy trouble front capital marriage.
966,Electronics,Lead environment member notice.
967,Electronics,Order speak church business sing real free see.
968,Sports & Outdoors,Road democratic rate effort affect.
969,Books & Stationery,Analysis two might I quality quickly man.
970,Fashion,Let would officer quite quality difficult.
971,Sports & Outdoors,Foreign music process fine.
972,Books & Stationery,Serve to north media clear staff natural phone.
973,Home Decor,Group music consumer course election.
974,Health & Beauty,Great each help benefit court culture.
975,Books & Stationery,Protect late discuss leave big need.
976,Health & Beauty,Blood executive check improve unit natural.
977,Groceries,Public ground turn stage way cost.
978,Books & Stationery,Sound woman meeting over continue.
979,Automotive,Couple serve discover large.
980,Home Decor,Bank certainly lead before machine.
981,Toys & Games,Way serious resource couple.
982,Groceries,Finish far area difficult bring difficult senior.
983,Health & Beauty,Society worry they themselves anything result.
984,Fashion,While fund eat machine.
985,Electronics,Top woman him enough step old born.
986,Fashion,Something stay any since often report year.
987,Toys & Games,Apply arrive couple here.
988,Home Decor,These which well hair item.
989,Electronics,Term collection between box forget yeah.
990,Electronics,Two interest natural attack us sea.
991,Kitchen Appliances,Report organization bed us approach tend.
992,Health & Beauty,Away use writer choice it.
993,Books & Stationery,Choose finish age.
994,Fashion,Officer season read name goal.
995,Toys & Games,Concern consider power none lot cup picture.
996,Books & Stationery,Rate new race future draw when.
997,Toys & Games,Eight leader available middle.
998,Home Decor,Field writer establish dream price effect return.
999,Groceries,Return put artist everyone.
1000,Kitchen Appliances,Change bad job why.
